Razon Social,Empresa,cliente_activo,mes_corriente
BA Comex,Aerofit Srl,Si,2025-08
BA Comex,Alsina Motos Srl,Si,2025-08
BA Comex,Aspee Monee Srl,Si,2025-08
BA Comex,Craft Argentina Sociedad Anonima,No,2025-08
BA Comex,Deposito Avellaneda Sur S.A.,No,2025-08
BA Comex,Edelweiss Spedition Srl,Si,2025-08
BA Comex,Fedtex,Si,2025-08
BA Comex,Gulmez Hermanos Sociedad Anonima,No,2025-08
BA Comex,Ing Hector J Resino Sociedad De Responsabilidad Limitada,No,2025-08
BA Comex,Jupam Sa,Si,2025-08
BA Comex,Liftvan International Company S A C,Si,2025-08
BA Comex,Luial S A,Si,2025-08
BA Comex,Mercovan Argentina S.A.,Si,2025-08
BA Comex,Neocargo Sa,Si,2025-08
BA Comex,Novelty Trend S.R.L.,Si,2025-08
BA Comex,Two Sharks S.R.L.,No,2025-08
BA Comex,Vc Textil S.R.L.,No,2025-08
De la Arena Coll Manuel,Deposito Avellaneda Sur S.A.,Si,2025-08
De la Arena Coll Manuel,Leoni Maria Jose,Si,2025-08
De la Arena Coll Manuel,Valenzuela Ricardo Patricio,Si,2025-08
De la Arena Martin,Instituto De Obra Social De Las Fuerzas Armadas (Iosfa),Si,2025-08
De la Arena Martin,Obra Social De Petroleros O S Pe,Si,2025-08
De la Arena Martin,Osde Organizacion De Servicios Directos Empresarios,Si,2025-08
De la Arena Martin,Sanatorio Modelo S A,Si,2025-08
De la Arena Martin,Tisec Srl,No,2025-08
Deposito Avellaneda Sur,20N S.R.L.,No,2025-08
Deposito Avellaneda Sur,A&S Logistics S.A.,Si,2025-08
Deposito Avellaneda Sur,Aceptyourdestiny,Si,2025-08
Deposito Avellaneda Sur,Aceros Fb S.R.L.,Si,2025-08
Deposito Avellaneda Sur,Aceros Zapla S A,Si,2025-08
Deposito Avellaneda Sur,Adp Trading S.R.L.,Si,2025-08
Deposito Avellaneda Sur,Ag De Argentina S A,Si,2025-08
Deposito Avellaneda Sur,Aj Comercio Exterior Srl,Si,2025-08
Deposito Avellaneda Sur,Ajec Autoadhesivos S A,No,2025-08
Deposito Avellaneda Sur,Alfonso Sabbatini E Hijo Srl.,Si,2025-08
Deposito Avellaneda Sur,Algodonera Aconcagua S A,No,2025-08
Deposito Avellaneda Sur,Alimentaria S.A.,Si,2025-08
Deposito Avellaneda Sur,All Trade S.A.,Si,2025-08
Deposito Avellaneda Sur,Alsina Motos Srl,Si,2025-08
Deposito Avellaneda Sur,American Transport,Si,2025-08
Deposito Avellaneda Sur,Americana Shipping Group S.A.,Si,2025-08
Deposito Avellaneda Sur,Andritz Fabrics And Rolls S. A.,Si,2025-08
Deposito Avellaneda Sur,Aniceto Gomez S A,Si,2025-08
Deposito Avellaneda Sur,Anta Expo S. A. U.,No,2025-08
Deposito Avellaneda Sur,Aoda Socieda Anonima,No,2025-08
Deposito Avellaneda Sur,Aoni Lit Mar Del Plata Sa,No,2025-08
Deposito Avellaneda Sur,Arauco Argentina S.A,Si,2025-08
Deposito Avellaneda Sur,Arleather S.R.L.,No,2025-08
Deposito Avellaneda Sur,Ascensores Servas S A,No,2025-08
Deposito Avellaneda Sur,Asociacion De Los Testigos De Jehova I. E. R.,Si,2025-08
Deposito Avellaneda Sur,Aspee Monee Srl,Si,2025-08
Deposito Avellaneda Sur,Atp Solutions S.R.L.,No,2025-08
Deposito Avellaneda Sur,Automat Indago S.A.,No,2025-08
Deposito Avellaneda Sur,Awam Tex S.R.L.,Si,2025-08
Deposito Avellaneda Sur,Ayb Srl,No,2025-08
Deposito Avellaneda Sur,Baires International Transport S.R.L.,Si,2025-08
Deposito Avellaneda Sur,Bambu Saludable S. R. L.,Si,2025-08
Deposito Avellaneda Sur,Bdfm Sa,Si,2025-08
Deposito Avellaneda Sur,Be Investment,Si,2025-08
Deposito Avellaneda Sur,Beauty Solutions S.A.,Si,2025-08
Deposito Avellaneda Sur,Berant Daniel Ariel,No,2025-08
Deposito Avellaneda Sur,Berkma S A,Si,2025-08
Deposito Avellaneda Sur,Big Bloom S A,No,2025-08
Deposito Avellaneda Sur,Biosophy S. A. S.,Si,2025-08
Deposito Avellaneda Sur,Bisora Group S. A.,Si,2025-08
Deposito Avellaneda Sur,Blu Logistics Argentina S.A.,No,2025-08
Deposito Avellaneda Sur,Blue Mail Sociedad Anonima,Si,2025-08
Deposito Avellaneda Sur,Borax Argentina S A,Si,2025-08
Deposito Avellaneda Sur,Borax Argentina S A S. A.,Si,2025-08
Deposito Avellaneda Sur,Bratton Srl,No,2025-08
Deposito Avellaneda Sur,Breyer Hnos S A,No,2025-08
Deposito Avellaneda Sur,Buenos Aires Comex S.R.L.,No,2025-08
Deposito Avellaneda Sur,Bulldog Solutions S.A,Si,2025-08
Deposito Avellaneda Sur,C Y M Shipbroker Argentina S.R.L,Si,2025-08
Deposito Avellaneda Sur,Caddell Construction Co. (De) Llc,Si,2025-08
Deposito Avellaneda Sur,Candalar S.A.,No,2025-08
Deposito Avellaneda Sur,Capilatis Sa,Si,2025-08
Deposito Avellaneda Sur,Cargo Staff Logistics S.A.,Si,2025-08
Deposito Avellaneda Sur,Cargocorp Argentina,Si,2025-08
Deposito Avellaneda Sur,Casa Rami S.R.L.,Si,2025-08
Deposito Avellaneda Sur,Chaguar  Sociedad Anonima,Si,2025-08
Deposito Avellaneda Sur,Chelatex,No,2025-08
Deposito Avellaneda Sur,Chemotecnica Sociedad Anonima,Si,2025-08
Deposito Avellaneda Sur,Cibus Global S. A. S.,No,2025-08
Deposito Avellaneda Sur,Coffee Hunters S.A.,Si,2025-08
Deposito Avellaneda Sur,Compañia Bulk Sa,No,2025-08
Deposito Avellaneda Sur,Comtec S. A.,Si,2025-08
Deposito Avellaneda Sur,Comunicaciones 360 S.A.,No,2025-08
Deposito Avellaneda Sur,Comunicaciones Valles Calchaquies S.R.L.,No,2025-08
Deposito Avellaneda Sur,Conextube Sa,Si,2025-08
Deposito Avellaneda Sur,Cordova Camila Valeria,Si,2025-08
Deposito Avellaneda Sur,Corona Insumos S.R.L.,No,2025-08
Deposito Avellaneda Sur,Corteza S.R.L.,No,2025-08
Deposito Avellaneda Sur,Cosmopolitan Sociedad Anonima,Si,2025-08
Deposito Avellaneda Sur,Coteca S A,No,2025-08
Deposito Avellaneda Sur,Cotton Work,Si,2025-08
Deposito Avellaneda Sur,Cri Fa Autopartes,Si,2025-08
Deposito Avellaneda Sur,Crosby Argentina S.A.,Si,2025-08
Deposito Avellaneda Sur,Curtiembre Infante S A,Si,2025-08
Deposito Avellaneda Sur,Dalies Fernando Ruben,Si,2025-08
Deposito Avellaneda Sur,Danisco Argentina Sa,Si,2025-08
Deposito Avellaneda Sur,Dautec Argentina S. A. S.,Si,2025-08
Deposito Avellaneda Sur,De La Fuente Ricardo Jose,No,2025-08
Deposito Avellaneda Sur,Dgm Dangerous Goods Management Argentina S R L,No,2025-08
Deposito Avellaneda Sur,Distribuidora V.R. S.R.L.,No,2025-08
Deposito Avellaneda Sur,Dobronich Mario Eduardo,No,2025-08
Deposito Avellaneda Sur,Domatel S. R. L.,Si,2025-08
Deposito Avellaneda Sur,Domingo A Capria Sa,No,2025-08
Deposito Avellaneda Sur,Don Satur S R L,No,2025-08
Deposito Avellaneda Sur,Dpmg S.A.,Si,2025-08
Deposito Avellaneda Sur,Dromex S R L,No,2025-08
Deposito Avellaneda Sur,Dry Sea Srl,Si,2025-08
Deposito Avellaneda Sur,Dsi Underground Argentina Sa,Si,2025-08
Deposito Avellaneda Sur,E A Balbi E Hijos S A,No,2025-08
Deposito Avellaneda Sur,Eagle Service Group Srl,Si,2025-08
Deposito Avellaneda Sur,Eco Rides Srl,No,2025-08
Deposito Avellaneda Sur,Ecomet S.R.L.,Si,2025-08
Deposito Avellaneda Sur,Edelweiss Spedition Srl,Si,2025-08
Deposito Avellaneda Sur,Edificios Comahue Sociedad De Responsabilidad Limitada.,Si,2025-08
Deposito Avellaneda Sur,Ekitah S.R.L.,Si,2025-08
Deposito Avellaneda Sur,El Yerbalito Srl,No,2025-08
Deposito Avellaneda Sur,Espert S.A.,Si,2025-08
Deposito Avellaneda Sur,Euler Ideas S.R.L.,No,2025-08
Deposito Avellaneda Sur,Eurofarma Argentina S.A.,No,2025-08
Deposito Avellaneda Sur,Famacon Sociedad Anonima,Si,2025-08
Deposito Avellaneda Sur,Fantasia Cueros Srl,Si,2025-08
Deposito Avellaneda Sur,Faraday S A  I C F,Si,2025-08
Deposito Avellaneda Sur,Fds Alimentos S.R.L,No,2025-08
Deposito Avellaneda Sur,Fedtex,Si,2025-08
Deposito Avellaneda Sur,Fenisan S.A.,Si,2025-08
Deposito Avellaneda Sur,Fijaciones Py S . A .,Si,2025-08
Deposito Avellaneda Sur,Fineport S.A.,No,2025-08
Deposito Avellaneda Sur,Flores Matias,Si,2025-08
Deposito Avellaneda Sur,Free Customs S.A.,No,2025-08
Deposito Avellaneda Sur,Full Container Logistic Argentina Sas,No,2025-08
Deposito Avellaneda Sur,Fulling S.R.L.,No,2025-08
Deposito Avellaneda Sur,Funcke Maritime Sa,Si,2025-08
Deposito Avellaneda Sur,Gador S A,No,2025-08
Deposito Avellaneda Sur,Gematec S R L,No,2025-08
Deposito Avellaneda Sur,Geo Logistics Argentina S.R.L.,Si,2025-08
Deposito Avellaneda Sur,Geo-Trade Comercio Exterior Srl,Si,2025-08
Deposito Avellaneda Sur,Gestion Forward Srl,Si,2025-08
Deposito Avellaneda Sur,Glamtex,Si,2025-08
Deposito Avellaneda Sur,Global Rover Logistic Srl,Si,2025-08
Deposito Avellaneda Sur,Gobbi Novag Sa,No,2025-08
Deposito Avellaneda Sur,Grapot Sa,No,2025-08
Deposito Avellaneda Sur,Grass S. R. L.,Si,2025-08
Deposito Avellaneda Sur,Grouport Srl,Si,2025-08
Deposito Avellaneda Sur,Gruas Daniele Srl,No,2025-08
Deposito Avellaneda Sur,Grupo In 360,Si,2025-08
Deposito Avellaneda Sur,Grupo Leal-Tex S.R.L.,Si,2025-08
Deposito Avellaneda Sur,Grupo Rsm S.R.L.,No,2025-08
Deposito Avellaneda Sur,Grupo Simpa S A,Si,2025-08
Deposito Avellaneda Sur,Harbor Express S.A.,Si,2025-08
Deposito Avellaneda Sur,Hdv Leather Srl,Si,2025-08
Deposito Avellaneda Sur,Hellmann Worldwide Logistics  Sociedad Anonima,Si,2025-08
Deposito Avellaneda Sur,Henn Y Cia Srl,Si,2025-08
Deposito Avellaneda Sur,Hilado S.A.,Si,2025-08
Deposito Avellaneda Sur,Hilansur S.A.,No,2025-08
Deposito Avellaneda Sur,Hometex S.A,No,2025-08
Deposito Avellaneda Sur,Hra Consultora Srl,Si,2025-08
Deposito Avellaneda Sur,Hyt Investments Sa,No,2025-08
Deposito Avellaneda Sur,Ilatex Sa,Si,2025-08
Deposito Avellaneda Sur,Imporiente S.A.,No,2025-08
Deposito Avellaneda Sur,Importadora Mediterranea Sa,Si,2025-08
Deposito Avellaneda Sur,Indelplas S.R.L,No,2025-08
Deposito Avellaneda Sur,Industrias Kc S R L,No,2025-08
Deposito Avellaneda Sur,Industrias Pugliese S A,No,2025-08
Deposito Avellaneda Sur,Industrias Quimicas Independencia S A,Si,2025-08
Deposito Avellaneda Sur,Industrias Saladillo Sa,Si,2025-08
Deposito Avellaneda Sur,Industrias Santa Maria Del Mar  S R L,No,2025-08
Deposito Avellaneda Sur,Industrias Zapla S. A.,Si,2025-08
Deposito Avellaneda Sur,Infilo,No,2025-08
Deposito Avellaneda Sur,Ing Hector J Resino Sociedad De Responsabilidad Limitada,No,2025-08
Deposito Avellaneda Sur,Integracion Minera S.R.L.,No,2025-08
Deposito Avellaneda Sur,Inter American Cargo Group Sa,Si,2025-08
Deposito Avellaneda Sur,Intertrader Sa,No,2025-08
Deposito Avellaneda Sur,Inversiones Para El Agro S.A. S. A.,No,2025-08
Deposito Avellaneda Sur,Ionatex Srl,No,2025-08
Deposito Avellaneda Sur,Ipa Argentina S A,Si,2025-08
Deposito Avellaneda Sur,Isla Perez Manuel Santiago,No,2025-08
Deposito Avellaneda Sur,J Llorente Y Cia  S A,No,2025-08
Deposito Avellaneda Sur,Jakytextil S.A.,Si,2025-08
Deposito Avellaneda Sur,Javier Luque S.R.L.,Si,2025-08
Deposito Avellaneda Sur,Jsos S.R.L.,No,2025-08
Deposito Avellaneda Sur,Juguetech S A,Si,2025-08
Deposito Avellaneda Sur,Jul & Ana S.R.L.,No,2025-08
Deposito Avellaneda Sur,Juliana Sa,Si,2025-08
Deposito Avellaneda Sur,Jupam Sa,Si,2025-08
Deposito Avellaneda Sur,Jutel S.A.,Si,2025-08
Deposito Avellaneda Sur,Kapselmaker S.A.,Si,2025-08
Deposito Avellaneda Sur,Kraster Argentina S.A.,Si,2025-08
Deposito Avellaneda Sur,La Casa De Los Terminales S R L,Si,2025-08
Deposito Avellaneda Sur,La Nueva Textil De Lugano S.R.L.,No,2025-08
Deposito Avellaneda Sur,La Platense Sociedad Anonima,Si,2025-08
Deposito Avellaneda Sur,La Tela S.R.L.,Si,2025-08
Deposito Avellaneda Sur,Laboratorio Pyam Sa,No,2025-08
Deposito Avellaneda Sur,Labranza Estrategica  S. A.,No,2025-08
Deposito Avellaneda Sur,Lawter Argentina S.A.,Si,2025-08
Deposito Avellaneda Sur,Leanval S.A.,Si,2025-08
Deposito Avellaneda Sur,Lectus Sa,No,2025-08
Deposito Avellaneda Sur,Ledorot S.A.,Si,2025-08
Deposito Avellaneda Sur,Leites Y Leites Srl,No,2025-08
Deposito Avellaneda Sur,Letra L S.R.L.,No,2025-08
Deposito Avellaneda Sur,Levy Jonathan Netanel,Si,2025-08
Deposito Avellaneda Sur,Libertun Hermanos Sociedad De Responsabilidad Limitada,No,2025-08
Deposito Avellaneda Sur,Lichytex S.A.,No,2025-08
Deposito Avellaneda Sur,Liftvan International Company S A C,Si,2025-08
Deposito Avellaneda Sur,Likber S.A.,No,2025-08
Deposito Avellaneda Sur,Linkage Intertrade Srl,Si,2025-08
Deposito Avellaneda Sur,Litoral Citrus S A,Si,2025-08
Deposito Avellaneda Sur,Lolotex S.R.L.,Si,2025-08
Deposito Avellaneda Sur,Lopez Andres Ignacio,No,2025-08
Deposito Avellaneda Sur,Luial S A,Si,2025-08
Deposito Avellaneda Sur,Lumpini Trade Sociedad De Responsabilidad Limitada,No,2025-08
Deposito Avellaneda Sur,Mac Donald Hnos. S.R.L.,No,2025-08
Deposito Avellaneda Sur,Mafralac Alimenticia Srl,Si,2025-08
Deposito Avellaneda Sur,Malu Ma Tex S.A.,Si,2025-08
Deposito Avellaneda Sur,Manufacturas Los Andes S.A,Si,2025-08
Deposito Avellaneda Sur,Maquinarias Independencia Sa,Si,2025-08
Deposito Avellaneda Sur,Maransi S.A.,Si,2025-08
Deposito Avellaneda Sur,Mavi Textil Sa,No,2025-08
Deposito Avellaneda Sur,Mayta Condori Franck Reynaldo,Si,2025-08
Deposito Avellaneda Sur,Mazon Textil Sa,No,2025-08
Deposito Avellaneda Sur,Mcm  Security S.R.L.,No,2025-08
Deposito Avellaneda Sur,Mediterranean Shipping Company S A,Si,2025-08
Deposito Avellaneda Sur,Medlog Argentina S.A.,No,2025-08
Deposito Avellaneda Sur,Medula Edgardo Gabriel,No,2025-08
Deposito Avellaneda Sur,Mercovan Argentina S.A.,Si,2025-08
Deposito Avellaneda Sur,Metalsa Argentina S.A.,No,2025-08
Deposito Avellaneda Sur,Metalurgica Vazquez S.A.,No,2025-08
Deposito Avellaneda Sur,Minera Santa Rita Srl,Si,2025-08
Deposito Avellaneda Sur,Mma Tex S.A.,Si,2025-08
Deposito Avellaneda Sur,Moldes Pansrl,Si,2025-08
Deposito Avellaneda Sur,Molinos Tarquini S A I C,No,2025-08
Deposito Avellaneda Sur,Mt-Ideas S. A.,No,2025-08
Deposito Avellaneda Sur,Mundial  S A,Si,2025-08
Deposito Avellaneda Sur,Naturaleza Group,Si,2025-08
Deposito Avellaneda Sur,Nelo Sa,No,2025-08
Deposito Avellaneda Sur,Neocargo Sa,Si,2025-08
Deposito Avellaneda Sur,Net Quality Srl,Si,2025-08
Deposito Avellaneda Sur,Neumaticos Bisso S. R. L.,Si,2025-08
Deposito Avellaneda Sur,Newsan Sociedad Anonima,No,2025-08
Deposito Avellaneda Sur,Newtral  S.A.,Si,2025-08
Deposito Avellaneda Sur,Nikin S.R.L.,No,2025-08
Deposito Avellaneda Sur,Nip Cargo S.R.L.,Si,2025-08
Deposito Avellaneda Sur,Nlb S.R.L,No,2025-08
Deposito Avellaneda Sur,Noah Services S.R.L.,No,2025-08
Deposito Avellaneda Sur,Novatech Solutions S A,No,2025-08
Deposito Avellaneda Sur,Novelty Trend S.R.L.,Si,2025-08
Deposito Avellaneda Sur,Npg Internacional S. R. L.,Si,2025-08
Deposito Avellaneda Sur,Ocean Shipping S.R.L.,Si,2025-08
Deposito Avellaneda Sur,Overprint S.R.L,Si,2025-08
Deposito Avellaneda Sur,Pachamama Products S.R.L.,Si,2025-08
Deposito Avellaneda Sur,Pampa Logistica Internacional S.A.,Si,2025-08
Deposito Avellaneda Sur,Pantografos Cam Cnc,Si,2025-08
Deposito Avellaneda Sur,Parnacar S.A.,Si,2025-08
Deposito Avellaneda Sur,Pelama Chubut Sociedad Anonima,Si,2025-08
Deposito Avellaneda Sur,Pezzelatto Jorge Facundo,Si,2025-08
Deposito Avellaneda Sur,Planet Seguridad Srl,No,2025-08
Deposito Avellaneda Sur,Plano Y Punto S.A.,No,2025-08
Deposito Avellaneda Sur,Plasticos Dise S. A.,No,2025-08
Deposito Avellaneda Sur,Poka S A,Si,2025-08
Deposito Avellaneda Sur,Pona Carlos Daniel,No,2025-08
Deposito Avellaneda Sur,Presmar Sociedad Anonima,Si,2025-08
Deposito Avellaneda Sur,Printel S A,No,2025-08
Deposito Avellaneda Sur,Protan S A,Si,2025-08
Deposito Avellaneda Sur,Prowood S.A.,No,2025-08
Deposito Avellaneda Sur,Puglisi Diego Martin,Si,2025-08
Deposito Avellaneda Sur,Quaker Houghton Argentina S. A.,Si,2025-08
Deposito Avellaneda Sur,Quimica Del Norte S A,Si,2025-08
Deposito Avellaneda Sur,Raisvic Srl,Si,2025-08
Deposito Avellaneda Sur,Rb Global Srl.,Si,2025-08
Deposito Avellaneda Sur,Refractarios Argentinos Saicm,Si,2025-08
Deposito Avellaneda Sur,Robinson Logistics S. A.,No,2025-08
Deposito Avellaneda Sur,Rodriguez Jonathan Jesus,No,2025-08
Deposito Avellaneda Sur,Rohlig Argentina S R L,Si,2025-08
Deposito Avellaneda Sur,Rotta Franco,No,2025-08
Deposito Avellaneda Sur,Rowners S.A.,No,2025-08
Deposito Avellaneda Sur,Rs Stones S.R.L. S. R. L.,No,2025-08
Deposito Avellaneda Sur,Rueda Oeste S A,Si,2025-08
Deposito Avellaneda Sur,Rush Cargo S. R. L.,Si,2025-08
Deposito Avellaneda Sur,Sam Logistic S.R.L.,No,2025-08
Deposito Avellaneda Sur,Santana Textil Chaco Sa,Si,2025-08
Deposito Avellaneda Sur,Santoro Carlos Horacio,Si,2025-08
Deposito Avellaneda Sur,Sanyo Color Sociedad Anonima,Si,2025-08
Deposito Avellaneda Sur,Sapaya Pablo Oscar,No,2025-08
Deposito Avellaneda Sur,Schwerdtfeger Jon Erwin,No,2025-08
Deposito Avellaneda Sur,Seagull Logistica Srl,No,2025-08
Deposito Avellaneda Sur,Seaside Logistic Sa,Si,2025-08
Deposito Avellaneda Sur,Sematryn Sa,Si,2025-08
Deposito Avellaneda Sur,Servicio Internacional De Fletes Sa,Si,2025-08
Deposito Avellaneda Sur,Shipy S.A.,Si,2025-08
Deposito Avellaneda Sur,Sky Cargo S.R.L.,Si,2025-08
Deposito Avellaneda Sur,Smart Logistics S.A.,Si,2025-08
Deposito Avellaneda Sur,Smart Trading S.A.S,Si,2025-08
Deposito Avellaneda Sur,Soporte Latinoamerica S.A.S,Si,2025-08
Deposito Avellaneda Sur,Southcross Logistics  S.A,Si,2025-08
Deposito Avellaneda Sur,Splash Kids Srl,Si,2025-08
Deposito Avellaneda Sur,Styropek S.A.,No,2025-08
Deposito Avellaneda Sur,Sunstar Americas Inc. Suc. Arg.,No,2025-08
Deposito Avellaneda Sur,Suri Motor Sport S.R.L.,Si,2025-08
Deposito Avellaneda Sur,Syra Sa,No,2025-08
Deposito Avellaneda Sur,Taeda S A,Si,2025-08
Deposito Avellaneda Sur,Talamo Leonardo,Si,2025-08
Deposito Avellaneda Sur,Tandem Global Logistics S.A.,Si,2025-08
Deposito Avellaneda Sur,Targuetmusic  S.A.,No,2025-08
Deposito Avellaneda Sur,Tavasci Mena Mariana Andrea,Si,2025-08
Deposito Avellaneda Sur,Tecma S.A.,No,2025-08
Deposito Avellaneda Sur,Telamania S.R.L.,Si,2025-08
Deposito Avellaneda Sur,Telefonica Moviles Argentina Sociedad Anonima,Si,2025-08
Deposito Avellaneda Sur,Termoplasticos Del Sur S.A.,Si,2025-08
Deposito Avellaneda Sur,Teva Logistics Group S.R.L.,No,2025-08
Deposito Avellaneda Sur,Tex Fabric S.A.,Si,2025-08
Deposito Avellaneda Sur,Textil Praga Srl,Si,2025-08
Deposito Avellaneda Sur,Tio Musa Sociedad Anonima,No,2025-08
Deposito Avellaneda Sur,Tipoiti S A T I C,Si,2025-08
Deposito Avellaneda Sur,Tmcp S.A.S.,Si,2025-08
Deposito Avellaneda Sur,Toy Store S.A.,No,2025-08
Deposito Avellaneda Sur,Trading Sud S.R.L.,No,2025-08
Deposito Avellaneda Sur,Transcar Srl,No,2025-08
Deposito Avellaneda Sur,Trefelt Argentina S. A.,Si,2025-08
Deposito Avellaneda Sur,Trice Transport Company S.R.L.,Si,2025-08
Deposito Avellaneda Sur,Uld Global Trade Srl,Si,2025-08
Deposito Avellaneda Sur,Unimers Argentina Sa,Si,2025-08
Deposito Avellaneda Sur,Universal Cargo Srl,No,2025-08
Deposito Avellaneda Sur,Varteco Quimica Puntana S A,No,2025-08
Deposito Avellaneda Sur,Vazquez Sergio Gabriel,Si,2025-08
Deposito Avellaneda Sur,Vc Textil S.R.L.,No,2025-08
Deposito Avellaneda Sur,Verde Fuerte Srl,Si,2025-08
Deposito Avellaneda Sur,Verzino Diego Nicolas,Si,2025-08
Deposito Avellaneda Sur,Warplast Srl,Si,2025-08
Deposito Avellaneda Sur,World Sport S.R.L.,Si,2025-08
Deposito Avellaneda Sur,Xcmg Group Latam S.A.,No,2025-08
Deposito Avellaneda Sur,Xiadex Srl,Si,2025-08
Deposito Avellaneda Sur,Yamaha Motor Argentina Sa,Si,2025-08
Edelweiss Spedition,-,No,2025-08
Edelweiss Spedition,Agencia France Presse,No,2025-08
Edelweiss Spedition,Alberdi Ignacio Maria,No,2025-08
Edelweiss Spedition,Assi Yamil,No,2025-08
Edelweiss Spedition,Baetti Maria Silvia,No,2025-08
Edelweiss Spedition,Barcelo Arezo Ricardo Alberto,No,2025-08
Edelweiss Spedition,Bauer Heidy Noemi,No,2025-08
Edelweiss Spedition,Boehringer Ingelheim S A,Si,2025-08
Edelweiss Spedition,Boehringer Ingelheim S.A.,Si,2025-08
Edelweiss Spedition,Bustamante Esteban Ariel,No,2025-08
Edelweiss Spedition,Castillo Fabian,No,2025-08
Edelweiss Spedition,Castillo Sabrina Paola,No,2025-08
Edelweiss Spedition,Christensen Santiago Javier,No,2025-08
Edelweiss Spedition,Cicchi Graciela Patricia,No,2025-08
Edelweiss Spedition,Ciliberti Patricia Liliana,Si,2025-08
Edelweiss Spedition,Degasa S.A.,No,2025-08
Edelweiss Spedition,Dunham Richard Allyn,Si,2025-08
Edelweiss Spedition,Edelweiss Spedition Srl,Si,2025-08
Edelweiss Spedition,Embajada De Filipinas,Si,2025-08
Edelweiss Spedition,Evergreen Shipping Agency Argentina S.A.,Si,2025-08
Edelweiss Spedition,Gandolfo Juan Martin,No,2025-08
Edelweiss Spedition,Genskowsky Vargas Camila Alejandra,No,2025-08
Edelweiss Spedition,Kunze S.R.L.,Si,2025-08
Edelweiss Spedition,Lamberti Susana Noemi,No,2025-08
Edelweiss Spedition,Mazzoni Maria Florencia,No,2025-08
Edelweiss Spedition,Merz Therapeutics Gmbh,Si,2025-08
Edelweiss Spedition,Mickiewicz Paula Adriana,No,2025-08
Edelweiss Spedition,Munoz Wright Maria Jimena,No,2025-08
Edelweiss Spedition,Nuevas Fronteras Sa,Si,2025-08
Edelweiss Spedition,Organizacion Internacional Para Las Migraciones,No,2025-08
Edelweiss Spedition,Palermo Gabriela Nora,No,2025-08
Edelweiss Spedition,Pedemonte Fernando Horacio,No,2025-08
Edelweiss Spedition,Quiroga Broggi Miguel Roberto,No,2025-08
Edelweiss Spedition,Ritchie Mariela Francisca,No,2025-08
Edelweiss Spedition,Robert Pascale Anne Coralie,No,2025-08
Edelweiss Spedition,Scania Argentina S. A. U.,Si,2025-08
Edelweiss Spedition,Siegfried S.A,No,2025-08
Edelweiss Spedition,Siemens Energy S.A.,Si,2025-08
Edelweiss Spedition,Techint Compañia Tecnica Internacional Sociedad Anonima Comercial E Industrial,Si,2025-08
Edelweiss Spedition,Tecpetrol S A,Si,2025-08
Edelweiss Spedition,Telesca Ezequiel,No,2025-08
Edelweiss Spedition,Trox Mexico S.A. De C.V.,Si,2025-08
Edelweiss Spedition,Villota Graciela Noemi,No,2025-08
Edelweiss Spedition,Zaninotto Laura Veronica,No,2025-08
El Llamito,Caddell Construction Co. (De) Llc,Si,2025-08
El Llamito,Deposito Avellaneda Sur S.A.,Si,2025-08
El Marques,Arg-Store S.A.,Si,2025-08
El Marques,Framat Rental S.A.,Si,2025-08
El Marques,Liftvan International Company S A C,Si,2025-08
El Marques,M.S. Technologies Argentina S.R.L.,Si,2025-08
El Marques,Plaquimet Sa,Si,2025-08
El Marques,Telecom Argentina Sociedad Anonima,No,2025-08
Hermosalta SRL,Acosta Mauro Ismael,Si,2025-08
Hermosalta SRL,Aguirre Elias Uriel,No,2025-08
Hermosalta SRL,Albarez Waldo Anizeto,No,2025-08
Hermosalta SRL,Arias Perez Martina Andrea,Si,2025-08
Hermosalta SRL,Barbeito Mamani Bianca Giuliana,No,2025-08
Hermosalta SRL,Camacho Rene Sebastian,Si,2025-08
Hermosalta SRL,Carrizo Temer Fabricio Tufik,Si,2025-08
Hermosalta SRL,Castillo Aparicio Domingo Rene,No,2025-08
Hermosalta SRL,Caucota Aramayo Alexandra Esmeralda,No,2025-08
Hermosalta SRL,Day Marcos Edwin,No,2025-08
Hermosalta SRL,Del Frari Jerez Nahiara Jazmin,No,2025-08
Hermosalta SRL,Diaz Chocobar Santino Joaquin,No,2025-08
Hermosalta SRL,Domene Emilio,Si,2025-08
Hermosalta SRL,Flores Medrano Milo Nahitan,No,2025-08
Hermosalta SRL,Guitian Tiziana Ezie,Si,2025-08
Hermosalta SRL,Ibarra Justo Javier,Si,2025-08
Hermosalta SRL,Lafuente Carla Estefania,Si,2025-08
Hermosalta SRL,Lopez Lorena Estrella,Si,2025-08
Hermosalta SRL,Medical Care S R L,No,2025-08
Hermosalta SRL,Mendez Marcos Gabriel Leandro,No,2025-08
Hermosalta SRL,Mercado Jesus Juan Manuel,Si,2025-08
Hermosalta SRL,Miranda Cynthia Soledad,No,2025-08
Hermosalta SRL,Miranda Sosa Bautista Joaquin,No,2025-08
Hermosalta SRL,Moya Gladys Noemi,Si,2025-08
Hermosalta SRL,Obra Social De Petroleros O S Pe,No,2025-08
Hermosalta SRL,Orellana Daiana Maria Celeste,No,2025-08
Hermosalta SRL,Paludi Armando Pascual,Si,2025-08
Hermosalta SRL,Paz Ruben Jonas,No,2025-08
Hermosalta SRL,Quinteros Andrea Elizabeth,No,2025-08
Hermosalta SRL,Rivera Hector Rene,No,2025-08
Hermosalta SRL,Saca Felix Enrique,No,2025-08
Hermosalta SRL,Sanatorio San Roque S.A.,Si,2025-08
Hermosalta SRL,Sanchez Paulino Ramon,Si,2025-08
Hermosalta SRL,Sanz Cespedes Dolores Raquel,No,2025-08
Hermosalta SRL,Saravia Veronica Andrea,Si,2025-08
Hermosalta SRL,Swiss Medical S A,No,2025-08
Hermosalta SRL,Tarifa Sofia Del Milagro,Si,2025-08
Hermosalta SRL,Teran Hanna Nicol,Si,2025-08
Hermosalta SRL,Tito Jonathan David,No,2025-08
Hermosalta SRL,Tolaba Estela Casilda,No,2025-08
Hermosalta SRL,Torres Masullo Flavia Carolina,No,2025-08
Hermosalta SRL,Utradial Srl,Si,2025-08
Hermosalta SRL,Valdez Ramon,No,2025-08
Hermosalta SRL,Zelaya Gil Sofia,Si,2025-08
L A R M Argentina,Abrego Oscar Mario,No,2025-08
L A R M Argentina,Accenture Service Center S.R.L.,Si,2025-08
L A R M Argentina,Accenture Sociedad De Responsabilidad Limitada,No,2025-08
L A R M Argentina,Barrea Ciro Octavio,Si,2025-08
L A R M Argentina,Baterias Moura De Argentina S. A.,No,2025-08
L A R M Argentina,Briceno Gil Lenin Alexander,No,2025-08
L A R M Argentina,Castro Y Regini Sa,Si,2025-08
L A R M Argentina,Chevron Argentina Sociedad De Responsabilidad Limitada,Si,2025-08
L A R M Argentina,Estudio Bosch Abogados S.R.L.,No,2025-08
L A R M Argentina,Evonik Argentina S.A,No,2025-08
L A R M Argentina,Exxonmobil Business Support Center Argentina Srl,Si,2025-08
L A R M Argentina,Fast Food Sudamericana S A,No,2025-08
L A R M Argentina,Flotas Comerciales S R L,No,2025-08
L A R M Argentina,Grupo Tergo Laf  Srl,No,2025-08
L A R M Argentina,Harari Khafif Roberto Menahem,Si,2025-08
L A R M Argentina,Ldc Argentina S.A.,Si,2025-08
L A R M Argentina,Leonel Blanco De La Cruz,No,2025-08
L A R M Argentina,Liftvan International Company S A C,Si,2025-08
L A R M Argentina,M.S. Technologies Argentina S.R.L.,No,2025-08
L A R M Argentina,Maria Victoria Di Sebastiano Delgado,No,2025-08
L A R M Argentina,Massalin Particulares S. R. L.,Si,2025-08
L A R M Argentina,Mercovan Argentina S.A.,Si,2025-08
L A R M Argentina,Mirande Juan Martin,No,2025-08
L A R M Argentina,"Pan American Energy, S.L., Sucursal Argentina",Si,2025-08
L A R M Argentina,Sanchez Garcia Miguel Santiago,No,2025-08
L A R M Argentina,Sandro Vinces Reyna,Si,2025-08
L A R M Argentina,Schlumberger Argentina S. A.,Si,2025-08
L A R M Argentina,Southbay S. R. L.,Si,2025-08
L A R M Argentina,Stine Seed Argentina S.R.L.,Si,2025-08
L A R M Argentina,Syngenta Agro Sociedad Anonima,Si,2025-08
L A R M Argentina,Team Uno Srl,Si,2025-08
L A R M Argentina,Tecpetrol S A,Si,2025-08
L A R M Argentina,Wintershall Dea Argentina S.A,Si,2025-08
Leoni Maria Jose,-,No,2025-08
Leoni Maria Jose,2J Srl,No,2025-08
Leoni Maria Jose,A I P A A Agencia De Investigaciones Privadas Autorizada America Sociedad Anonima,Si,2025-08
Leoni Maria Jose,Aguerre Bernardo Emilio,Si,2025-08
Leoni Maria Jose,Alpha Grains S. A.,No,2025-08
Leoni Maria Jose,Amg Obras Civiles Sa,No,2025-08
Leoni Maria Jose,Angular Desarrollos S.A.,No,2025-08
Leoni Maria Jose,Aprile Garcia Fernando,No,2025-08
Leoni Maria Jose,"Arevalo 2381, C.A.B.A. Fideicomiso",No,2025-08
Leoni Maria Jose,Argenbrokers S.A.,Si,2025-08
Leoni Maria Jose,Bardengo Gaston Luis,Si,2025-08
Leoni Maria Jose,Bazooka Realty S.R.L.,Si,2025-08
Leoni Maria Jose,Behrensen Chiara Macarena,No,2025-08
Leoni Maria Jose,Bensousan Jonathan Uriel,No,2025-08
Leoni Maria Jose,Berenyi Alejandro Daniel,No,2025-08
Leoni Maria Jose,Bergada Pablo,Si,2025-08
Leoni Maria Jose,Blanco Maria De Los Angeles,No,2025-08
Leoni Maria Jose,Boldt Silvia Elena,Si,2025-08
Leoni Maria Jose,Brañas Jose Luis,Si,2025-08
Leoni Maria Jose,Bruno Maria Gisella,No,2025-08
Leoni Maria Jose,Cafe Seis Hermanos S.A.,No,2025-08
Leoni Maria Jose,Carbello S. R. L.,No,2025-08
Leoni Maria Jose,Carlos Berisso S C A,No,2025-08
Leoni Maria Jose,Carman Mariano,No,2025-08
Leoni Maria Jose,Carreras Y Maratones Ñandu,No,2025-08
Leoni Maria Jose,Celmaras Agropecuaria S. A.,Si,2025-08
Leoni Maria Jose,Cerulean,No,2025-08
Leoni Maria Jose,Cirulli Ingrid,No,2025-08
Leoni Maria Jose,Coco Lesibiani S.A.,Si,2025-08
Leoni Maria Jose,Colombo Natalia,Si,2025-08
Leoni Maria Jose,Conde Diego Rodolfo,Si,2025-08
Leoni Maria Jose,Consultora Renanco S.A,No,2025-08
Leoni Maria Jose,Consultora Videco S. A.,Si,2025-08
Leoni Maria Jose,Costa Juan Pedro,No,2025-08
Leoni Maria Jose,Cria Meta S.A.,No,2025-08
Leoni Maria Jose,Cts Auto S. A.,Si,2025-08
Leoni Maria Jose,D Apice Victor Patricio,No,2025-08
Leoni Maria Jose,De Achaval Nahuel Maria,Si,2025-08
Leoni Maria Jose,De Royere Eduardo Jose Maria,No,2025-08
Leoni Maria Jose,De Royere Gerardo Juan Maria,Si,2025-08
Leoni Maria Jose,Del Castillo Aurelio Alberto Ange,Si,2025-08
Leoni Maria Jose,Deposito Avellaneda Sur S.A.,Si,2025-08
Leoni Maria Jose,Di Cio Pilar,No,2025-08
Leoni Maria Jose,Diaz Graciana Mercedes,No,2025-08
Leoni Maria Jose,Dominguez Sebastian Javier,No,2025-08
Leoni Maria Jose,Don Luis Esteban S A,Si,2025-08
Leoni Maria Jose,Downes Marcos Andres,No,2025-08
Leoni Maria Jose,Durañona Soledad,No,2025-08
Leoni Maria Jose,Echeguren Martin,No,2025-08
Leoni Maria Jose,El Guardian S.A.- Empresa De Seguridad Privada,No,2025-08
Leoni Maria Jose,El Patacon Sa,No,2025-08
Leoni Maria Jose,Escasany Eduardo Jose,Si,2025-08
Leoni Maria Jose,España,Si,2025-08
Leoni Maria Jose,Estancia El Dulce  S A,Si,2025-08
Leoni Maria Jose,Fenda Sa,No,2025-08
Leoni Maria Jose,Firmesa S.A.,Si,2025-08
Leoni Maria Jose,Fitz Roy Expeditions S.A.,Si,2025-08
Leoni Maria Jose,Fuego Red S. A.,Si,2025-08
Leoni Maria Jose,Garcia Lidia Maria,No,2025-08
Leoni Maria Jose,Giorgione Elena Paola,No,2025-08
Leoni Maria Jose,Global Flow S.A.,No,2025-08
Leoni Maria Jose,Golosetti Luisina Gala,Si,2025-08
Leoni Maria Jose,Gorra Blanca Sa,Si,2025-08
Leoni Maria Jose,Grand Circle Argentina S.R.L.,No,2025-08
Leoni Maria Jose,Guarna Maria Cecilia,No,2025-08
Leoni Maria Jose,Gyp 2845 S.R.L.,Si,2025-08
Leoni Maria Jose,Hijos De Omar Cobian  Sa,No,2025-08
Leoni Maria Jose,Hortelano Sabrina,No,2025-08
Leoni Maria Jose,Indave Patagonico Sociedad Anonima,Si,2025-08
Leoni Maria Jose,Indave S A,Si,2025-08
Leoni Maria Jose,Inversiones Delta Sa,No,2025-08
Leoni Maria Jose,Inversora Nordeste S.A.,No,2025-08
Leoni Maria Jose,Ioisi Julieta Gimena,No,2025-08
Leoni Maria Jose,Isa Sa,Si,2025-08
Leoni Maria Jose,Jordan Macarena Sofia,Si,2025-08
Leoni Maria Jose,Kaloghlian Analia Sara,Si,2025-08
Leoni Maria Jose,La Vaninita Srl,No,2025-08
Leoni Maria Jose,Laird Lagomarsino Caroline Verona,Si,2025-08
Leoni Maria Jose,Lamarca Carlos Alfredo,No,2025-08
Leoni Maria Jose,Ledesma Jorge Nicolas,Si,2025-08
Leoni Maria Jose,Ledesma Nestor Luis,Si,2025-08
Leoni Maria Jose,Liftvan International Company S A C,Si,2025-08
Leoni Maria Jose,Lluibaroff Lucia Sol,Si,2025-08
Leoni Maria Jose,Lopez Saavedra Federico,Si,2025-08
Leoni Maria Jose,Los Cuatro Cabritos S.A.,Si,2025-08
Leoni Maria Jose,Lusemana Desarrollos Inmobiliarios S.A,Si,2025-08
Leoni Maria Jose,Macata Sociedad Anonim,No,2025-08
Leoni Maria Jose,Marsala Andres,Si,2025-08
Leoni Maria Jose,Mendilaharzu Javier Alejandro,Si,2025-08
Leoni Maria Jose,Menditeguy Isabel,No,2025-08
Leoni Maria Jose,Mercovan Argentina S.A.,Si,2025-08
Leoni Maria Jose,Miguens Diego Segundo,No,2025-08
Leoni Maria Jose,Miguens Marcos,No,2025-08
Leoni Maria Jose,Miranda Api S.R.L.,No,2025-08
Leoni Maria Jose,Morgan Juan Geronimo,No,2025-08
Leoni Maria Jose,Naikoa S.A.,Si,2025-08
Leoni Maria Jose,Nicholson Pedro,No,2025-08
Leoni Maria Jose,Ocampo Emilio,No,2025-08
Leoni Maria Jose,Pampa Pilar Fideicomiso,No,2025-08
Leoni Maria Jose,Patagonia Aventura Sa,No,2025-08
Leoni Maria Jose,Perez Etably Javier Walter,No,2025-08
Leoni Maria Jose,Perez Quesada Celina,Si,2025-08
Leoni Maria Jose,Perez Quesada Edgardo Alfredo,Si,2025-08
Leoni Maria Jose,Perez Quesada Matias,Si,2025-08
Leoni Maria Jose,Perez Quesada Maxima,Si,2025-08
Leoni Maria Jose,Polinter Sa,No,2025-08
Leoni Maria Jose,Risacher & Asociados Sociedad De Hecho,No,2025-08
Leoni Maria Jose,Rossi Sergio Hugo,No,2025-08
Leoni Maria Jose,Rousseau Portalis Juana Maria Alicia,Si,2025-08
Leoni Maria Jose,Sagranichne Pablo Andres,Si,2025-08
Leoni Maria Jose,Saizar Juan Ignacio,Si,2025-08
Leoni Maria Jose,Scaa Hospitality S.L,Si,2025-08
Leoni Maria Jose,Secar Security Argentina S. A.,Si,2025-08
Leoni Maria Jose,Secar Security Buenos Aires 1 S. A.,Si,2025-08
Leoni Maria Jose,Secar Security Buenos Aires S. A.,Si,2025-08
Leoni Maria Jose,Secar Security Countries S. A.,Si,2025-08
Leoni Maria Jose,Secar Security Group S.A.,No,2025-08
Leoni Maria Jose,Secar Security Servicios S. A.,Si,2025-08
Leoni Maria Jose,Secar Security Sur S. A.,Si,2025-08
Leoni Maria Jose,Segura Maria Florencia,No,2025-08
Leoni Maria Jose,Seguridad Argentina Sa,Si,2025-08
Leoni Maria Jose,Servicios Lindor S. A.,No,2025-08
Leoni Maria Jose,Soma S. R. L.,Si,2025-08
Leoni Maria Jose,Spangenberg Eduardo,Si,2025-08
Leoni Maria Jose,Sucesion De Gimenez Rafael Gustavo Julian,Si,2025-08
Leoni Maria Jose,Tanoira Cassagne Sociedad Civil,Si,2025-08
Leoni Maria Jose,Trailback S.A.,Si,2025-08
Leoni Maria Jose,Tresnal Agropecuaria S.A.,Si,2025-08
Leoni Maria Jose,Uruguay,Si,2025-08
Leoni Maria Jose,Vigilan S.A.,Si,2025-08
Leoni Maria Jose,Yacht Club Puerto Madero S A,No,2025-08
Leoni Maria Jose,Yerba Daniel Oscar,Si,2025-08
Liftvan International,-,Si,2025-08
Liftvan International,Agro Comercial Del Carmen Sa,No,2025-08
Liftvan International,Ajates Jaclyn Leigh,No,2025-08
Liftvan International,Alfa Laval Sociedad Anonima,Si,2025-08
Liftvan International,Argentina Fortescue Future Industries S. A.,No,2025-08
Liftvan International,Argentina Fortescue S.A.U.,No,2025-08
Liftvan International,Asociacion Escuelas Lincoln,No,2025-08
Liftvan International,Barreto Maria Victoria,No,2025-08
Liftvan International,Barrick Exploraciones Argentina S A,No,2025-08
Liftvan International,Basf Argentina S A,No,2025-08
Liftvan International,Bayer Sociedad Anonima,No,2025-08
Liftvan International,Bergesio Sergio Hector,No,2025-08
Liftvan International,Bosch Rexroth Saic,Si,2025-08
Liftvan International,Brasil,Si,2025-08
Liftvan International,Canada,No,2025-08
Liftvan International,Caride Siritto Juan Jose,No,2025-08
Liftvan International,Cervantes Fernandez Valentina,No,2025-08
Liftvan International,Cheil Argentina S.A.,No,2025-08
Liftvan International,Colgate Palmolive Argentina S.A.,No,2025-08
Liftvan International,Cooperatieve Rabobank U.A. - Oficina De Representacion,No,2025-08
Liftvan International,De Noia Josue Gabriel,Si,2025-08
Liftvan International,Delivery Hero E-Commerce S. A.,Si,2025-08
Liftvan International,Deposito Avellaneda Sur S.A.,Si,2025-08
Liftvan International,Dhl Global Forwarding (Argentina) Sa,No,2025-08
Liftvan International,"Dominicana, Republica",No,2025-08
Liftvan International,Duran Quarin Valentina,Si,2025-08
Liftvan International,Echeverz Ignacio Jose,No,2025-08
Liftvan International,Ecuador,No,2025-08
Liftvan International,Ejercito De Salvacion I. E. R.,Si,2025-08
Liftvan International,Embajada De La Republica Federal De Alemania,Si,2025-08
Liftvan International,Embajada De Los Ee Uu De Norteamerica,Si,2025-08
Liftvan International,Empresa Distribuidora De Energia Atlantica Sa,Si,2025-08
Liftvan International,Empresa Distribuidora De Energia Norte Sa,Si,2025-08
Liftvan International,Empresa Distribuidora De Energia Sur    Sa,Si,2025-08
Liftvan International,Empresa Distribuidora La Plata Sociedad Anonima Edelap S A,Si,2025-08
Liftvan International,España,No,2025-08
Liftvan International,Estados Unidos,Si,2025-08
Liftvan International,Finiello Leandro Anibal,Si,2025-08
Liftvan International,Framaco Bozdemir Sa,No,2025-08
Liftvan International,Francia,Si,2025-08
Liftvan International,Freson Ronald Jesse,No,2025-08
Liftvan International,Frey Martinez Jose Manuel,No,2025-08
Liftvan International,Gaubin Liliana Catalina,Si,2025-08
Liftvan International,Genomma Laboratories Argentina S.A.,No,2025-08
Liftvan International,Glasman Laura Rosana,Si,2025-08
Liftvan International,Gomes Ferreira Jhonatan,No,2025-08
Liftvan International,Gomez Silvia Graciela,No,2025-08
Liftvan International,Grecia,No,2025-08
Liftvan International,Iatec S.A.U. (Industria Austral De Tecnologia S.A.U.) S. A. U.,No,2025-08
Liftvan International,Jackson Llewellyn Tracy,Si,2025-08
Liftvan International,Japon,No,2025-08
Liftvan International,Jardon Valeria Ines,No,2025-08
Liftvan International,Kairuz Consuelo,No,2025-08
Liftvan International,Keglevich Nicolas,No,2025-08
Liftvan International,Kochian Santiago Andres,Si,2025-08
Liftvan International,Loffreda Marcelo Hernan,Si,2025-08
Liftvan International,Lopez Borzacchini Victoria Helena,No,2025-08
Liftvan International,Luce Maria Florencia,Si,2025-08
Liftvan International,Maneiro Lopez Victoria Maria,No,2025-08
Liftvan International,Martinez Graciela Angelica,Si,2025-08
Liftvan International,Minera Andina Del Sol Srl,Si,2025-08
Liftvan International,Muy Mucho S.R.L.,Si,2025-08
Liftvan International,Nabors International Argentina S.R.L.,Si,2025-08
Liftvan International,Natura Cosmeticos  Sa,Si,2025-08
Liftvan International,Navilli Aldo Luciano,No,2025-08
Liftvan International,Nestle Argentina S A,Si,2025-08
Liftvan International,Nieto Pablo Javier,No,2025-08
Liftvan International,Paises Bajos,Si,2025-08
Liftvan International,Perez Varela Mariano Federico,Si,2025-08
Liftvan International,Philip Morris Latin America Services S.R.L.,No,2025-08
Liftvan International,Polonia,No,2025-08
Liftvan International,Pricolo Federico Carlos,Si,2025-08
Liftvan International,Productos Destilados S A C I Y F,No,2025-08
Liftvan International,Productos Roche S A Quimica E Industrial,Si,2025-08
Liftvan International,Prosegur Activa Argentina Sa,No,2025-08
Liftvan International,Pugliese Santiago Jose,Si,2025-08
Liftvan International,Reino Unido,Si,2025-08
Liftvan International,Renault Argentina S.A,Si,2025-08
Liftvan International,Rincon Mining Pty Limited,Si,2025-08
Liftvan International,Robert Bosch Argentina Industrial Sa,Si,2025-08
Liftvan International,Romano Argañaraz Natalia Beatriz,Si,2025-08
Liftvan International,Romero Maria Florencia,No,2025-08
Liftvan International,Ruiz Diaz Ximena Marta,Si,2025-08
Liftvan International,Scania Argentina S. A. U.,Si,2025-08
Liftvan International,Schlumberger Argentina S. A.,Si,2025-08
Liftvan International,Services Techniques Sas,No,2025-08
Liftvan International,Skinner Cristian,No,2025-08
Liftvan International,Sucesion De Luna Roberto Andres,Si,2025-08
Liftvan International,Suecia,Si,2025-08
Liftvan International,Supermercados Mayoristas Makro Sa,No,2025-08
Liftvan International,Syngenta Agro Sociedad Anonima,Si,2025-08
Liftvan International,Tarbagayre Emilie Dorothee Marie,No,2025-08
Liftvan International,Tarulla Dario Ezequiel,No,2025-08
Liftvan International,Teadit Argentina Sa,Si,2025-08
Liftvan International,Tecplata S.A.,Si,2025-08
Liftvan International,Tverdovsky Lidia Ines,No,2025-08
Liftvan International,Uruguay,No,2025-08
Liftvan International,Vallejos Miguel Angel,Si,2025-08
Liftvan International,Viola Daniel Alberto,No,2025-08
Liftvan International,Ypf Sociedad Anonima,Si,2025-08
Mercovan Argentina,-,Si,2025-08
Mercovan Argentina,Agencia Cordoba Cultura Sociedad Del Estado,Si,2025-08
Mercovan Argentina,Air Liquide Argentina S A,No,2025-08
Mercovan Argentina,Air Liquide Argentina S. A.,Si,2025-08
Mercovan Argentina,Arias Eguez Zulma,No,2025-08
Mercovan Argentina,Armadora Acrux Sociedad Anonima,Si,2025-08
Mercovan Argentina,Cheval Des Andes Sa,Si,2025-08
Mercovan Argentina,Chile,No,2025-08
Mercovan Argentina,Cia Industrial Cervecera S A,No,2025-08
Mercovan Argentina,Comercializadora Online Sa,Si,2025-08
Mercovan Argentina,Compañia Sud Americana De Dragados S. A.,No,2025-08
Mercovan Argentina,Corea Democratica,Si,2025-08
Mercovan Argentina,Corea Republicana,Si,2025-08
Mercovan Argentina,Croacia,Si,2025-08
Mercovan Argentina,David Arabella Marie,No,2025-08
Mercovan Argentina,Deposito Avellaneda Sur S.A.,Si,2025-08
Mercovan Argentina,Desarrollos Sucre Sa,Si,2025-08
Mercovan Argentina,Durlock Sociedad Anonima,Si,2025-08
Mercovan Argentina,Embajada De Los Ee Uu De Norteamerica,Si,2025-08
Mercovan Argentina,Emiratos Arabes Unidos (Estado Independiente),Si,2025-08
Mercovan Argentina,Empresa Distribuidora De Energia Atlantica Sa,Si,2025-08
Mercovan Argentina,Empresa Distribuidora De Energia Norte Sa,Si,2025-08
Mercovan Argentina,Empresa Distribuidora De Energia Sur    Sa,Si,2025-08
Mercovan Argentina,Empresa Distribuidora La Plata Sociedad Anonima Edelap S A,Si,2025-08
Mercovan Argentina,Enel Generacion  El Chocon  S A,No,2025-08
Mercovan Argentina,España,Si,2025-08
Mercovan Argentina,Estado De Qatar (Estado Independiente),No,2025-08
Mercovan Argentina,Estados Unidos,Si,2025-08
Mercovan Argentina,Fundacion Malba,Si,2025-08
Mercovan Argentina,Holistic Relocation Srl,No,2025-08
Mercovan Argentina,Industrias Quilmes S A.U.,No,2025-08
Mercovan Argentina,Italia,No,2025-08
Mercovan Argentina,L'Oreal Argentina Sociedad Anonima,Si,2025-08
Mercovan Argentina,La Meridional Cia Arg De Seguros S. A.,No,2025-08
Mercovan Argentina,Lemaire Julien Philippe Marcel,No,2025-08
Mercovan Argentina,Lescaux Julien Thomas Mathias,Si,2025-08
Mercovan Argentina,Lg Electronics Argentina S.A.,Si,2025-08
Mercovan Argentina,Lx Pantos Argentina S. A.,No,2025-08
Mercovan Argentina,Masina Rinaldo,Si,2025-08
Mercovan Argentina,Nasone Stephane,Si,2025-08
Mercovan Argentina,Nestle Argentina S A,Si,2025-08
Mercovan Argentina,Oiltanking Argentina Soc.Anonima,Si,2025-08
Mercovan Argentina,Organizacion Internacional Para Las Migraciones,No,2025-08
Mercovan Argentina,Paises Bajos,Si,2025-08
Mercovan Argentina,Patagonia Sur S.A.S.,Si,2025-08
Mercovan Argentina,Penaranda Diaz Walter,No,2025-08
Mercovan Argentina,Petrolera Aconcagua Energia S. A.,No,2025-08
Mercovan Argentina,Pirelli Neumaticos Sociedad Anonima Industrial Y Comercial,Si,2025-08
Mercovan Argentina,Posco Argentina Sau,Si,2025-08
Mercovan Argentina,Posco International Corporation,No,2025-08
Mercovan Argentina,Renault Argentina S.A,Si,2025-08
Mercovan Argentina,Romero Catalina Alejandra,No,2025-08
Mercovan Argentina,Samsung Electronics Argentina S A,Si,2025-08
Mercovan Argentina,Schlumberger Argentina S. A.,Si,2025-08
Mercovan Argentina,Secretaria De Cultura De La Nacion,No,2025-08
Mercovan Argentina,Somos Sivori Asociacion Civil,No,2025-08
Mercovan Argentina,Torres Albuernes Keny Yenny,No,2025-08
Mercovan Argentina,Total Austral Sociedad Anonima Sucursal Argentina,Si,2025-08
Mercovan Argentina,Vitco S.R.L,Si,2025-08
Mercovan Argentina,Volkswagen Argentina S A,Si,2025-08
Mercovan Argentina,Wintershall Dea Argentina S.A,No,2025-08
Mercovan Argentina,Zelei Jozsef,No,2025-08
Nerococina,Agencia Numero Tres S.A.,No,2025-08
Nerococina,Bl Catering Srl,Si,2025-08
Nerococina,Criteria Wm S. A.,No,2025-08
Nerococina,Echeveste Arteaga Ignacio,No,2025-08
Nerococina,Fathers S.R.L.,Si,2025-08
Nerococina,Landeira Johana Gabriela,No,2025-08
Nerococina,Mazal Bs. As.,Si,2025-08
Nerococina,Pirelli Neumaticos Sociedad Anonima Industrial Y Comercial,No,2025-08
Nerococina,Pole Position Coffee,Si,2025-08
Nerococina,Probelt Srl,Si,2025-08
Nerococina,Soluciones De Custodia Propia S. A.,Si,2025-08
U-Bros,-,Si,2025-08
U-Bros,Achaval Julian Alberto,No,2025-08
U-Bros,Acinpetrol Srl,Si,2025-08
U-Bros,Acuña Alfredo Jorge,No,2025-08
U-Bros,Alarcon Ezequiel Jesus Nazareno,No,2025-08
U-Bros,Alvarez Moser Laura,Si,2025-08
U-Bros,Aponte Silva Cynthia Soireth,No,2025-08
U-Bros,Arancibia Carlos Humberto,Si,2025-08
U-Bros,Auyero Fernanda Valeria,Si,2025-08
U-Bros,Barredo Quintana Nicolas,No,2025-08
U-Bros,Bellotto Javier Oscar,No,2025-08
U-Bros,Beltramo Ana Maria,Si,2025-08
U-Bros,Beltran Julieta Geraldine,Si,2025-08
U-Bros,Bezpalov Flores Yessica Fernanda,Si,2025-08
U-Bros,Bravo Natalia Griselda,No,2025-08
U-Bros,Buezas Rodrigo Martin,No,2025-08
U-Bros,Buljubasich Sofia Matilde,No,2025-08
U-Bros,Buzon Cristian Pablo,No,2025-08
U-Bros,Cabral Marilu Macarena,No,2025-08
U-Bros,Cabral Pablo Daniel,No,2025-08
U-Bros,Cabral Walter Gabriel,No,2025-08
U-Bros,Cainelli Juan Manuel,No,2025-08
U-Bros,Cardozo Jorge Luis,No,2025-08
U-Bros,Carnevalle Romina Valeria,Si,2025-08
U-Bros,Carrizo Jorge David,No,2025-08
U-Bros,Castillo Cardozo Jose Armando,No,2025-08
U-Bros,Catan Joaquin,No,2025-08
U-Bros,Cera Camila Judith,Si,2025-08
U-Bros,Cerliani Tobias Nahuel,Si,2025-08
U-Bros,Conca Andres Maximiliano,No,2025-08
U-Bros,Condori German Isaac,No,2025-08
U-Bros,Contrera Victor Horacio,No,2025-08
U-Bros,Couchot Matias Exequiel,Si,2025-08
U-Bros,Covarrubias Sara Judith,No,2025-08
U-Bros,Cruz Facundo Jose,Si,2025-08
U-Bros,Czizik Carballo Marcos Enrique,No,2025-08
U-Bros,Dalla Fontana Sandra Julieta,No,2025-08
U-Bros,Df Soluciones Tecnologicas Sociedad Por Acciones Simplificada,Si,2025-08
U-Bros,Diaz Claudio Mario,Si,2025-08
U-Bros,Diaz Veronica Gabriela,No,2025-08
U-Bros,Dossetto Braulio Jose,Si,2025-08
U-Bros,Dualde Juan Augusto,No,2025-08
U-Bros,Ec Electronica Srl,Si,2025-08
U-Bros,Empresa Distribuidora La Plata Sociedad Anonima Edelap S A,Si,2025-08
U-Bros,Espinosa Veronica Gabriela,No,2025-08
U-Bros,Esteberena Eliana Magali,Si,2025-08
U-Bros,Fernandez Graciela Monica,No,2025-08
U-Bros,Ferrari Maria Fernanda,No,2025-08
U-Bros,Ferreyra Lucia Camila,Si,2025-08
U-Bros,Figueroa Ortiz Axel Rodrigo,No,2025-08
U-Bros,Fleitas Ricardo Daniel,No,2025-08
U-Bros,Flores Ambar Valentina,No,2025-08
U-Bros,Frias Ariel Adolfo,No,2025-08
U-Bros,Galligani Leonardo Andres,No,2025-08
U-Bros,Garcia Alejandra Emiliana,No,2025-08
U-Bros,Garcia Diego Luis,No,2025-08
U-Bros,Garcia Jorge Luis,Si,2025-08
U-Bros,Garcia Tatiana,No,2025-08
U-Bros,Garrido Jaime Gustavo,Si,2025-08
U-Bros,Gfj-Ultracolor S.R.L.,No,2025-08
U-Bros,Gierotto Valentin,Si,2025-08
U-Bros,Godoy Federico Manuel,Si,2025-08
U-Bros,Gonzalez Andrea Patricia,Si,2025-08
U-Bros,Gonzalez Gabriela Karina,No,2025-08
U-Bros,Gonzalez Lautaro Gabriel,No,2025-08
U-Bros,Gonzalez Maria Florencia,No,2025-08
U-Bros,Gonzalez Rodolfo Eduardo,Si,2025-08
U-Bros,Gonzalez Rosana Amalia,Si,2025-08
U-Bros,Grupo Carpi S.R.L,Si,2025-08
U-Bros,Grupo Zarate Refrigeraciones Bajozero S.R.L.,No,2025-08
U-Bros,Guardia Hibo Yoav,No,2025-08
U-Bros,Gulino Jose Martin,Si,2025-08
U-Bros,Gutierrez Bernal Lucas Damian,No,2025-08
U-Bros,Gutierrez Max Fabrizio,Si,2025-08
U-Bros,Hirch Claudia Lorena,Si,2025-08
U-Bros,Hoyos Mayra Del Valle,Si,2025-08
U-Bros,Ibarra Marcos Hernan,Si,2025-08
U-Bros,Industrias Plasticas Flodi Sa,No,2025-08
U-Bros,Ingelmo Maria Carolina,Si,2025-08
U-Bros,Jimenez Micaela Ludmila,Si,2025-08
U-Bros,Landaida Karen Evelyn,No,2025-08
U-Bros,Larocca Mirta Ines,No,2025-08
U-Bros,Lavin Guillermo Pablo,Si,2025-08
U-Bros,Mandile Nicolas,Si,2025-08
U-Bros,Mansilla Mariana Melina,Si,2025-08
U-Bros,Marquez Dario Abraham,Si,2025-08
U-Bros,Martin Genaro,Si,2025-08
U-Bros,Martinez Cristian Javier,Si,2025-08
U-Bros,Martinez David,Si,2025-08
U-Bros,Mazzaglia Maria Laura,Si,2025-08
U-Bros,Medina Maria Florencia,Si,2025-08
U-Bros,Mendoza Pablo Ezequiel,No,2025-08
U-Bros,Mercado Brisa Jazmin,No,2025-08
U-Bros,Merodio Juan Martin,Si,2025-08
U-Bros,Molina Diana Griselda,Si,2025-08
U-Bros,Monsalvo Julieta Nieves,Si,2025-08
U-Bros,Montiel Viviana Elizabeth,Si,2025-08
U-Bros,Mora Marcos Martin,No,2025-08
U-Bros,Muller Matias Cesar Nicolas,No,2025-08
U-Bros,Nieve Daniel Armando,No,2025-08
U-Bros,Nocita Florencia Gianella,Si,2025-08
U-Bros,Orellana Maria Vanesa,No,2025-08
U-Bros,Ortiz Novara Santiago Tomas,Si,2025-08
U-Bros,Oyola Daiana Natali,No,2025-08
U-Bros,Pacheco Fernandez Alejandro Nahuel,No,2025-08
U-Bros,Paez Barboza Marcela Federica,No,2025-08
U-Bros,Pagliaccio Noriela,No,2025-08
U-Bros,Pailacura Mariano Nahuel,Si,2025-08
U-Bros,Palacio Anabella Soledad,No,2025-08
U-Bros,Palomino Luis Bonifacio,Si,2025-08
U-Bros,Pastrana Carlos Alfredo,Si,2025-08
U-Bros,Penz Maria Nazarena,No,2025-08
U-Bros,Pereyra Gonzalo Ariel,No,2025-08
U-Bros,Perrotta Matias Lucas,Si,2025-08
U-Bros,Portillo Cecilia Noemi,No,2025-08
U-Bros,Prieto Martin Ezequiel,No,2025-08
U-Bros,Prieto Matias Emanuel,Si,2025-08
U-Bros,Retamal Luis Alberto,Si,2025-08
U-Bros,Rey Tamara Vanesa,No,2025-08
U-Bros,Reyna Claudia Cecilia,No,2025-08
U-Bros,Reynaga Romina Azucena,Si,2025-08
U-Bros,Reynoso Marcio Orlando,No,2025-08
U-Bros,Riboldi Maria Beatriz,No,2025-08
U-Bros,Rios Monica Adriana,Si,2025-08
U-Bros,Rivero Pabla Beatriz,Si,2025-08
U-Bros,Rocha Acuña Brian Nahuel,No,2025-08
U-Bros,Rocha Brian Ezequiel,Si,2025-08
U-Bros,Rodriguez Mauricio Gaston,Si,2025-08
U-Bros,Rodriguez Noelia Melania Laura,Si,2025-08
U-Bros,Romero Rocio Aldana,Si,2025-08
U-Bros,Roo Leonardo Gaston,No,2025-08
U-Bros,Rosa Fabricio Ezequiel,No,2025-08
U-Bros,Ruarte Carlos Rafael,No,2025-08
U-Bros,Ruis Griselda Noemi,Si,2025-08
U-Bros,Ruiz Nicolas Alejandro,No,2025-08
U-Bros,Saconi Monica Beatriz,Si,2025-08
U-Bros,Salamandri Abigail Lara,Si,2025-08
U-Bros,Salvatierra Sergio Daniel,Si,2025-08
U-Bros,Sanchez Maximo Ariel,No,2025-08
U-Bros,Santillan Medina Carolina,Si,2025-08
U-Bros,Saravia Victor Hugo,Si,2025-08
U-Bros,Sarmiento Mamani Ruben Arturo,Si,2025-08
U-Bros,Saro Patricia Noemi,No,2025-08
U-Bros,Scalise Ivana,Si,2025-08
U-Bros,Schroeder Andres,No,2025-08
U-Bros,Testoni Christian Oscar,No,2025-08
U-Bros,Trela Karina Ester,No,2025-08
U-Bros,Vellido Denise Silvina,Si,2025-08
U-Bros,Vera De La Cruz Humberto Jean Pierre,No,2025-08
U-Bros,Veron Laura Noemi,No,2025-08
U-Bros,Vitale Dana Agustina,No,2025-08
U-Bros,Zaragoza Rocio Belen,No,2025-08
Ulog,Auto Fix Stephe S.R.L.,Si,2025-08
Ulog,Deposito Avellaneda Sur S.A.,No,2025-08
Ulog,Interborders Srl,Si,2025-08
Ulog,Winehaus S.A.,Si,2025-08
Unapa,Telecom Argentina Sociedad Anonima,No,2025-08
Valenzuela Ricardo Patricio,Capital Markets Argentina S.A.,Si,2025-08
Viñas En Flor,-,Si,2025-08
Viñas En Flor,Aguirre Rosa Corazon,Si,2025-08
Viñas En Flor,Alarcon Bruno Alfredo,No,2025-08
Viñas En Flor,Alem Hector Leonardo,No,2025-08
Viñas En Flor,Allterrra Ecoturismo En Argentina De Roberto C Teper Y Yhara Laura P.,Si,2025-08
Viñas En Flor,Alma Tinta S. R. L.,No,2025-08
Viñas En Flor,Alquimia Group S. A. S.,No,2025-08
Viñas En Flor,Altos Terruños S.R.L.,Si,2025-08
Viñas En Flor,Alvarez Miguel Angel,Si,2025-08
Viñas En Flor,Ambiela Cecilia,Si,2025-08
Viñas En Flor,Andreani Logistica Sa,No,2025-08
Viñas En Flor,Antartida Compañia Argentina De Seguros Sociedad Anonima,No,2025-08
Viñas En Flor,Arce Jose Luis,Si,2025-08
Viñas En Flor,As - Trade   S R L,No,2025-08
Viñas En Flor,Asociacion Porsche Club Argentina,No,2025-08
Viñas En Flor,Atlantic Finance & Trading Corp,No,2025-08
Viñas En Flor,Barbot Cristian,Si,2025-08
Viñas En Flor,Beceda Gonzalo,No,2025-08
Viñas En Flor,Benitez Luciana Soledad,Si,2025-08
Viñas En Flor,Berensztein Sergio Fidel,Si,2025-08
Viñas En Flor,Bernardelli Emiliano Jose,Si,2025-08
Viñas En Flor,Black Tree S. Cap I Secc Iv,Si,2025-08
Viñas En Flor,Bodegas Cuvillier S.A.,No,2025-08
Viñas En Flor,Bolatti Amado Fabian,Si,2025-08
Viñas En Flor,Boschetti Fernando Alberto,No,2025-08
Viñas En Flor,Bustingorri Ricardo Abel,No,2025-08
Viñas En Flor,Cabrales Sa,No,2025-08
Viñas En Flor,Calveyra Maria Isabel,No,2025-08
Viñas En Flor,Capalbi Jose Eduardo,No,2025-08
Viñas En Flor,Carapari S. A.,Si,2025-08
Viñas En Flor,Carey Mary Elizabeth,No,2025-08
Viñas En Flor,Casal Nicolas,No,2025-08
Viñas En Flor,Castignani Analia Concepcion,No,2025-08
Viñas En Flor,Centro Las Rosas S.R.L.,No,2025-08
Viñas En Flor,Cianis Mariano Hernan,No,2025-08
Viñas En Flor,Cm&V Consultancy Sa,Si,2025-08
Viñas En Flor,Conde Maria Estrella,Si,2025-08
Viñas En Flor,Conextour S.R.L,No,2025-08
Viñas En Flor,Conrado Juan Llapur S. A. S.,Si,2025-08
Viñas En Flor,Costamagna Claudia Emilce,No,2025-08
Viñas En Flor,Cruz Jose Guillermo,Si,2025-08
Viñas En Flor,Cuchero Diego Carlos,No,2025-08
Viñas En Flor,Dario Fabian Lopez S.A.S.,Si,2025-08
Viñas En Flor,Datalitica S. A. S.,No,2025-08
Viñas En Flor,De Los Rios Carlos Javier,No,2025-08
Viñas En Flor,De Vicente Lucas Alan,Si,2025-08
Viñas En Flor,Dekarq Srl,No,2025-08
Viñas En Flor,Descubrir Viajes S. A. S.,No,2025-08
Viñas En Flor,Di-Ga Tractores Sociedad Anonima,No,2025-08
Viñas En Flor,Diaz Eduardo Andres,Si,2025-08
Viñas En Flor,Diesel Frenos Srl,No,2025-08
Viñas En Flor,Distlit S.A.S.,Si,2025-08
Viñas En Flor,Dux Software S.A.S.,Si,2025-08
Viñas En Flor,Estatica S.A.S.U.,Si,2025-08
Viñas En Flor,Estudio Mercer Sa,No,2025-08
Viñas En Flor,Expreso Alex Srl,Si,2025-08
Viñas En Flor,Flor De Bodegas S. A. S.,Si,2025-08
Viñas En Flor,Fonda Mendoza S.A.,Si,2025-08
Viñas En Flor,Four Universe S.R.L,Si,2025-08
Viñas En Flor,Franco Juana,No,2025-08
Viñas En Flor,Fratres S.R.L.,Si,2025-08
Viñas En Flor,Frigorifico Del Noa S.A,Si,2025-08
Viñas En Flor,Gaviglio Comercial S. A.,No,2025-08
Viñas En Flor,Gonzalez Gomez Laura Vanina,No,2025-08
Viñas En Flor,Gorostiaga Pablo Ignacio,Si,2025-08
Viñas En Flor,Gras Alejandro,No,2025-08
Viñas En Flor,Hannoa Mineria & Construccion S. A. S.,No,2025-08
Viñas En Flor,Hierros Patagonicos Srl,Si,2025-08
Viñas En Flor,Hoteles Dionysos S.A.,Si,2025-08
Viñas En Flor,Hotelsi S.A.S.,No,2025-08
Viñas En Flor,Imaging Digital S.A,No,2025-08
Viñas En Flor,Inmixion S.A.S.,No,2025-08
Viñas En Flor,Ivanier Juan Pablo,No,2025-08
Viñas En Flor,Juarez Claudia Viviana,No,2025-08
Viñas En Flor,Juntas Flex Seal Srl,No,2025-08
Viñas En Flor,Kalciyan Tecnologia Del Vidrio Sa,No,2025-08
Viñas En Flor,Kallpa Tour Operator Srl,Si,2025-08
Viñas En Flor,Kiuvi Sociedad Por Acciones Simplificada S. A. S.,No,2025-08
Viñas En Flor,La Casa Del Rey S A,No,2025-08
Viñas En Flor,Landtur Sa,Si,2025-08
Viñas En Flor,Lbs Servicios Electricos S.R.L.,No,2025-08
Viñas En Flor,Licensed Merchandising Group S.R.L.,Si,2025-08
Viñas En Flor,Lobo Saldaño Dana Valentina,Si,2025-08
Viñas En Flor,Lopez Camila Tamara,No,2025-08
Viñas En Flor,Los Nenecos S.R.L.,Si,2025-08
Viñas En Flor,Los Sauces S R L,Si,2025-08
Viñas En Flor,Lucaroni Maria Florencia,No,2025-08
Viñas En Flor,Lute S.A.S.,Si,2025-08
Viñas En Flor,M.Agropecuaria S.R.L.,No,2025-08
Viñas En Flor,Madero Town S.R.L.,No,2025-08
Viñas En Flor,Manuchar Argentina S.A.,No,2025-08
Viñas En Flor,Mar Quetzal S.A.S.,Si,2025-08
Viñas En Flor,Marcani Alejandro,No,2025-08
Viñas En Flor,Masiero Roberto Hugo,No,2025-08
Viñas En Flor,Medina Gabriela Maria Jose,No,2025-08
Viñas En Flor,Mercado Inteligente S. A.,Si,2025-08
Viñas En Flor,Miabaires,No,2025-08
Viñas En Flor,Miguel Ernesto Galindo S.A.,No,2025-08
Viñas En Flor,Miranda Oscari Luciana Milagros,Si,2025-08
Viñas En Flor,Mirolo Carlos Daniel,Si,2025-08
Viñas En Flor,Molinos San Jose S.A.,No,2025-08
Viñas En Flor,Morales Maria Gabriela,No,2025-08
Viñas En Flor,Mounier Jose Luis,Si,2025-08
Viñas En Flor,Muller Maximiliano,Si,2025-08
Viñas En Flor,Namur Gabriel Alejandro,No,2025-08
Viñas En Flor,Niz Sergio Ruben,No,2025-08
Viñas En Flor,Noa Travesias S.A,No,2025-08
Viñas En Flor,Noa Travesias S.A S. A.,No,2025-08
Viñas En Flor,Nuevas Fronteras Sa,No,2025-08
Viñas En Flor,Nutraclinix Global Sociedad Por Acciones Simplificada,Si,2025-08
Viñas En Flor,Oneto Maria Valeria,Si,2025-08
Viñas En Flor,Ortega Daniel Alberto,No,2025-08
Viñas En Flor,Ortells Maria Florencia,Si,2025-08
Viñas En Flor,Osasun S.R.L.,No,2025-08
Viñas En Flor,Ovc S.A.,Si,2025-08
Viñas En Flor,Ovejero Edgardo Alberto,No,2025-08
Viñas En Flor,P & M Citrus S. R. L.,No,2025-08
Viñas En Flor,Pablo Mauricio Barcellona S. A. S.,Si,2025-08
Viñas En Flor,Paez Mariana Silvina,No,2025-08
Viñas En Flor,Pecarrere Emanuel,Si,2025-08
Viñas En Flor,Piatti Francisco Nicolas,No,2025-08
Viñas En Flor,Pieruzzini Maria Florencia,No,2025-08
Viñas En Flor,Pinturerias Rex S A,Si,2025-08
Viñas En Flor,Portal Maria Elena,No,2025-08
Viñas En Flor,Racedo Pablo,No,2025-08
Viñas En Flor,Rafas S.A.,No,2025-08
Viñas En Flor,Rame Travel Co 0822 S.R.L.,No,2025-08
Viñas En Flor,Ramirez Maria Gabriela,Si,2025-08
Viñas En Flor,Ramirez Pablo,Si,2025-08
Viñas En Flor,Real Pedro Sebastian,Si,2025-08
Viñas En Flor,Rias De Cafayate S.A.,No,2025-08
Viñas En Flor,Rocha Andres Ramon,Si,2025-08
Viñas En Flor,Rodimax S.A.,Si,2025-08
Viñas En Flor,Roldan Oscar Norberto,Si,2025-08
Viñas En Flor,Sarochar Waldo,Si,2025-08
Viñas En Flor,Serra Leonardo Pablo,Si,2025-08
Viñas En Flor,Setil S.R.L.,No,2025-08
Viñas En Flor,Si Soluciones Integrales Sas,No,2025-08
Viñas En Flor,Sinoma Argentina S.A.U. - Viva S.A. U. T.,Si,2025-08
Viñas En Flor,Socompa S.R.L.,Si,2025-08
Viñas En Flor,Sola Roberto Gustavo,Si,2025-08
Viñas En Flor,Solano S.A.,Si,2025-08
Viñas En Flor,Soluciones De Contacto S.A.,No,2025-08
Viñas En Flor,Staffolani Javier Augusto,Si,2025-08
Viñas En Flor,Suero Miguel Alejandro,Si,2025-08
Viñas En Flor,Sztychmasjter Axel Agustin,No,2025-08
Viñas En Flor,Tarulli Juan Nicolas,No,2025-08
Viñas En Flor,Tealdi Joaquin,No,2025-08
Viñas En Flor,Tekno Arquitectura S R L,Si,2025-08
Viñas En Flor,Tierra Colorada S.A.,No,2025-08
Viñas En Flor,Tolaba Christian Hernan,No,2025-08
Viñas En Flor,Torchia Mariana,No,2025-08
Viñas En Flor,Tradeneo S.A.,Si,2025-08
Viñas En Flor,Turismo Del Norte Sociedad Anonima,Si,2025-08
Viñas En Flor,"Turismo Tastil S.R.L,",No,2025-08
Viñas En Flor,Uma Travel Srl,Si,2025-08
Viñas En Flor,Unq S.R.L.,Si,2025-08
Viñas En Flor,Vais Lorena Alejandra,No,2025-08
Viñas En Flor,Vais Monica Cecilia,No,2025-08
Viñas En Flor,Via Wall S.A.,Si,2025-08
Viñas En Flor,Video Digital Srl,Si,2025-08
Viñas En Flor,Villa Allende Paseos Y Compras S.A.,No,2025-08
Viñas En Flor,Villa Hnos Y Cia S A F I C,Si,2025-08
Viñas En Flor,Vinicius S.R.L.,Si,2025-08
Viñas En Flor,Vivas Silvia Victoria,No,2025-08
Viñas En Flor,Vivaterra S.A.,Si,2025-08
Viñas En Flor,Wine Pass S.A.S,Si,2025-08
Viñas En Flor,"Wine, Beer & Spirit Traders S.A.C.",No,2025-08
Viñas En Flor,"Wine, Beer & Spirit Traders Sac",Si,2025-08
Viñas En Flor,Yarad Maria Andrea,No,2025-08
