Razon Social,Mes,Variable,Monto
BA Comex,2024-01,Neto Ventas,7895712
BA Comex,2024-02,Neto Ventas,9302727
BA Comex,2024-03,Neto Ventas,2752646
BA Comex,2024-04,Neto Ventas,3826668
BA Comex,2024-05,Neto Ventas,6084744
BA Comex,2024-06,Neto Ventas,1069195
BA Comex,2024-07,Neto Ventas,1244973
BA Comex,2024-08,Neto Ventas,5245858
BA Comex,2024-09,Neto Ventas,7488936
BA Comex,2024-10,Neto Ventas,3965960
BA Comex,2024-11,Neto Ventas,13815058
BA Comex,2024-12,Neto Ventas,10233107
BA Comex,2025-01,Neto Ventas,12366339
BA Comex,2025-02,Neto Ventas,16700153
BA Comex,2025-03,Neto Ventas,9665928
BA Comex,2025-04,Neto Ventas,7629878
De la Arena Coll Manuel,2024-01,Neto Ventas,900000
De la Arena Coll Manuel,2024-02,Neto Ventas,1900000
De la Arena Coll Manuel,2024-03,Neto Ventas,1000000
De la Arena Coll Manuel,2024-04,Neto Ventas,2000000
De la Arena Coll Manuel,2024-05,Neto Ventas,2000000
De la Arena Coll Manuel,2024-06,Neto Ventas,2000000
De la Arena Coll Manuel,2024-07,Neto Ventas,2500000
De la Arena Coll Manuel,2024-08,Neto Ventas,2500000
De la Arena Coll Manuel,2024-09,Neto Ventas,197120
De la Arena Coll Manuel,2025-01,Neto Ventas,3500000
De la Arena Coll Manuel,2025-02,Neto Ventas,4000000
De la Arena Coll Manuel,2025-03,Neto Ventas,4000000
De la Arena Coll Manuel,2025-04,Neto Ventas,4000000
Deposito Avellaneda Sur,2024-01,Neto Ventas,874111472
Deposito Avellaneda Sur,2024-02,Neto Ventas,682033022
Deposito Avellaneda Sur,2024-03,Neto Ventas,1128267602
Deposito Avellaneda Sur,2024-04,Neto Ventas,674397262
Deposito Avellaneda Sur,2024-05,Neto Ventas,1355719590
Deposito Avellaneda Sur,2024-06,Neto Ventas,716059194
Deposito Avellaneda Sur,2024-07,Neto Ventas,940832862
Deposito Avellaneda Sur,2024-08,Neto Ventas,674189786
Deposito Avellaneda Sur,2024-09,Neto Ventas,758763842
Deposito Avellaneda Sur,2024-10,Neto Ventas,936186932
Deposito Avellaneda Sur,2024-11,Neto Ventas,653813802
Deposito Avellaneda Sur,2024-12,Neto Ventas,870906956
Deposito Avellaneda Sur,2025-01,Neto Ventas,442585165
Deposito Avellaneda Sur,2025-02,Neto Ventas,447482540
Deposito Avellaneda Sur,2025-03,Neto Ventas,539117021
Deposito Avellaneda Sur,2025-04,Neto Ventas,664800780
Edelweiss Spedition,2024-01,Neto Ventas,174113
Edelweiss Spedition,2024-02,Neto Ventas,4918212
Edelweiss Spedition,2024-03,Neto Ventas,5736232
Edelweiss Spedition,2024-04,Neto Ventas,3073507
Edelweiss Spedition,2024-05,Neto Ventas,11318934
Edelweiss Spedition,2024-06,Neto Ventas,168404
Edelweiss Spedition,2024-07,Neto Ventas,178189
Edelweiss Spedition,2024-08,Neto Ventas,13797556
Edelweiss Spedition,2024-09,Neto Ventas,3705539
Edelweiss Spedition,2024-10,Neto Ventas,12453782
Edelweiss Spedition,2024-11,Neto Ventas,2349260
Edelweiss Spedition,2024-12,Neto Ventas,8552996
Edelweiss Spedition,2025-01,Neto Ventas,795278
Edelweiss Spedition,2025-02,Neto Ventas,20612475
Edelweiss Spedition,2025-03,Neto Ventas,8183241
Edelweiss Spedition,2025-04,Neto Ventas,20590655
El Llamito,2024-01,Neto Ventas,15000
El Llamito,2024-02,Neto Ventas,15000
El Llamito,2024-03,Neto Ventas,15000
El Llamito,2024-04,Neto Ventas,15000
El Llamito,2024-05,Neto Ventas,15000
El Llamito,2024-06,Neto Ventas,15000
El Llamito,2024-07,Neto Ventas,215000
El Llamito,2024-08,Neto Ventas,15000
El Llamito,2024-09,Neto Ventas,75000
El Llamito,2024-11,Neto Ventas,30000
El Llamito,2024-12,Neto Ventas,15000
El Llamito,2025-01,Neto Ventas,15000
El Llamito,2025-02,Neto Ventas,20000
El Llamito,2025-03,Neto Ventas,20000
El Llamito,2025-04,Neto Ventas,30000
El Marques,2024-01,Neto Ventas,14035787
El Marques,2024-02,Neto Ventas,14954624
El Marques,2024-03,Neto Ventas,15907232
El Marques,2024-04,Neto Ventas,16588080
El Marques,2024-05,Neto Ventas,17529115
El Marques,2024-06,Neto Ventas,30410021
El Marques,2024-07,Neto Ventas,18835540
El Marques,2024-08,Neto Ventas,21190951
El Marques,2024-09,Neto Ventas,23517416
El Marques,2024-10,Neto Ventas,22281985
El Marques,2024-11,Neto Ventas,23354508
El Marques,2024-12,Neto Ventas,23558544
El Marques,2025-01,Neto Ventas,24118413
El Marques,2025-02,Neto Ventas,24387864
El Marques,2025-03,Neto Ventas,24934652
El Marques,2025-04,Neto Ventas,26305258
Jofa,2024-06,Neto Ventas,6566465
L A R M Argentina,2024-01,Neto Ventas,12289974
L A R M Argentina,2024-02,Neto Ventas,82903998
L A R M Argentina,2024-03,Neto Ventas,50797194
L A R M Argentina,2024-04,Neto Ventas,44914758
L A R M Argentina,2024-05,Neto Ventas,23347590
L A R M Argentina,2024-06,Neto Ventas,172243192
L A R M Argentina,2024-07,Neto Ventas,75275510
L A R M Argentina,2024-08,Neto Ventas,67627648
L A R M Argentina,2024-09,Neto Ventas,66096824
L A R M Argentina,2024-10,Neto Ventas,58819722
L A R M Argentina,2024-11,Neto Ventas,51061690
L A R M Argentina,2024-12,Neto Ventas,253324870
L A R M Argentina,2025-01,Neto Ventas,74359301
L A R M Argentina,2025-02,Neto Ventas,40615215
L A R M Argentina,2025-03,Neto Ventas,60394219
L A R M Argentina,2025-04,Neto Ventas,35237436
Liftvan International,2024-01,Neto Ventas,150273936
Liftvan International,2024-02,Neto Ventas,154139432
Liftvan International,2024-03,Neto Ventas,189696536
Liftvan International,2024-04,Neto Ventas,197329752
Liftvan International,2024-05,Neto Ventas,148819124
Liftvan International,2024-06,Neto Ventas,474337206
Liftvan International,2024-07,Neto Ventas,183919370
Liftvan International,2024-08,Neto Ventas,406655228
Liftvan International,2024-09,Neto Ventas,371615394
Liftvan International,2024-10,Neto Ventas,274729090
Liftvan International,2024-11,Neto Ventas,600051346
Liftvan International,2024-12,Neto Ventas,255000652
Liftvan International,2025-01,Neto Ventas,445409098
Liftvan International,2025-02,Neto Ventas,201978556
Liftvan International,2025-03,Neto Ventas,225061346
Liftvan International,2025-04,Neto Ventas,366821544
Mercovan Argentina,2024-01,Neto Ventas,134079112
Mercovan Argentina,2024-02,Neto Ventas,193673390
Mercovan Argentina,2024-03,Neto Ventas,86610962
Mercovan Argentina,2024-04,Neto Ventas,161724970
Mercovan Argentina,2024-05,Neto Ventas,222906818
Mercovan Argentina,2024-06,Neto Ventas,148923142
Mercovan Argentina,2024-07,Neto Ventas,127829326
Mercovan Argentina,2024-08,Neto Ventas,208954984
Mercovan Argentina,2024-09,Neto Ventas,315266372
Mercovan Argentina,2024-10,Neto Ventas,129160830
Mercovan Argentina,2024-11,Neto Ventas,138344146
Mercovan Argentina,2024-12,Neto Ventas,423060674
Mercovan Argentina,2025-01,Neto Ventas,69497465
Mercovan Argentina,2025-02,Neto Ventas,88555112
Mercovan Argentina,2025-03,Neto Ventas,116015017
Mercovan Argentina,2025-04,Neto Ventas,42068689
Nerococina,2024-02,Neto Ventas,394449
Nerococina,2024-03,Neto Ventas,7058250
Nerococina,2024-04,Neto Ventas,777460
Nerococina,2024-06,Neto Ventas,2405100
Nerococina,2024-07,Neto Ventas,14885500
Nerococina,2024-08,Neto Ventas,1282150
Nerococina,2024-09,Neto Ventas,2651824
Nerococina,2024-10,Neto Ventas,17413980
Nerococina,2024-11,Neto Ventas,23740555
Nerococina,2024-12,Neto Ventas,1500000
Nerococina,2025-01,Neto Ventas,3261500
Nerococina,2025-02,Neto Ventas,1800000
Nerococina,2025-03,Neto Ventas,4207749
Nerococina,2025-04,Neto Ventas,10310044
U-Bros,2024-01,Neto Ventas,4616651
U-Bros,2024-02,Neto Ventas,13076776
U-Bros,2024-03,Neto Ventas,10074745
U-Bros,2024-04,Neto Ventas,7219624
U-Bros,2024-05,Neto Ventas,6642700
U-Bros,2024-06,Neto Ventas,17223645
U-Bros,2024-07,Neto Ventas,6887655
U-Bros,2024-08,Neto Ventas,23729086
U-Bros,2024-09,Neto Ventas,14635106
U-Bros,2024-10,Neto Ventas,19838450
U-Bros,2024-11,Neto Ventas,9734272
U-Bros,2024-12,Neto Ventas,8374641
U-Bros,2025-01,Neto Ventas,9315466
U-Bros,2025-02,Neto Ventas,14862173
U-Bros,2025-03,Neto Ventas,17043175
U-Bros,2025-04,Neto Ventas,13810259
Ulog,2024-01,Neto Ventas,5678169
Ulog,2024-02,Neto Ventas,8542884
Ulog,2024-04,Neto Ventas,2359132
Ulog,2024-05,Neto Ventas,9791198
Ulog,2024-07,Neto Ventas,920640
Ulog,2024-08,Neto Ventas,1255418
Ulog,2024-09,Neto Ventas,3403941
Ulog,2024-11,Neto Ventas,19139577
Ulog,2024-12,Neto Ventas,5993823
Ulog,2025-01,Neto Ventas,3884156
Ulog,2025-03,Neto Ventas,7444640
Ulog,2025-04,Neto Ventas,7739760
Unapa,2024-02,Neto Ventas,8278800
Unapa,2024-03,Neto Ventas,17544200
Unapa,2024-04,Neto Ventas,2429173
Unapa,2024-05,Neto Ventas,241090
Unapa,2024-07,Neto Ventas,1421200
Unapa,2024-10,Neto Ventas,1370200
Viñas En Flor,2024-01,Neto Ventas,49870928
Viñas En Flor,2024-02,Neto Ventas,81763330
Viñas En Flor,2024-03,Neto Ventas,116320768
Viñas En Flor,2024-04,Neto Ventas,83282012
Viñas En Flor,2024-05,Neto Ventas,193343082
Viñas En Flor,2024-06,Neto Ventas,130252718
Viñas En Flor,2024-07,Neto Ventas,138804854
Viñas En Flor,2024-08,Neto Ventas,271507904
Viñas En Flor,2024-09,Neto Ventas,101869102
Viñas En Flor,2024-10,Neto Ventas,133852018
Viñas En Flor,2024-11,Neto Ventas,150972934
Viñas En Flor,2024-12,Neto Ventas,94820704
Winehaus,2024-01,Neto Ventas,203400
Winehaus,2024-02,Neto Ventas,1247060
Winehaus,2024-04,Neto Ventas,522840
Winehaus,2024-07,Neto Ventas,332640
Winehaus,2024-08,Neto Ventas,2057053
Winehaus,2024-09,Neto Ventas,104544
Winehaus,2024-10,Neto Ventas,0
BA Comex,2024-01,IVA Ventas,1658101
BA Comex,2024-02,IVA Ventas,1953571
BA Comex,2024-03,IVA Ventas,578054
BA Comex,2024-04,IVA Ventas,803599
BA Comex,2024-05,IVA Ventas,1277796
BA Comex,2024-06,IVA Ventas,224531
BA Comex,2024-07,IVA Ventas,261444
BA Comex,2024-08,IVA Ventas,1101630
BA Comex,2024-09,IVA Ventas,1572675
BA Comex,2024-10,IVA Ventas,832852
BA Comex,2024-11,IVA Ventas,2901163
BA Comex,2024-12,IVA Ventas,2148953
BA Comex,2025-01,IVA Ventas,2596931
BA Comex,2025-02,IVA Ventas,3507030
BA Comex,2025-03,IVA Ventas,2029844
BA Comex,2025-04,IVA Ventas,1602274
De la Arena Coll Manuel,2024-01,IVA Ventas,0
De la Arena Coll Manuel,2024-02,IVA Ventas,0
De la Arena Coll Manuel,2024-03,IVA Ventas,0
De la Arena Coll Manuel,2024-04,IVA Ventas,0
De la Arena Coll Manuel,2024-05,IVA Ventas,0
De la Arena Coll Manuel,2024-06,IVA Ventas,0
De la Arena Coll Manuel,2024-07,IVA Ventas,0
De la Arena Coll Manuel,2024-08,IVA Ventas,0
De la Arena Coll Manuel,2024-09,IVA Ventas,0
De la Arena Coll Manuel,2025-01,IVA Ventas,0
De la Arena Coll Manuel,2025-02,IVA Ventas,0
De la Arena Coll Manuel,2025-03,IVA Ventas,0
De la Arena Coll Manuel,2025-04,IVA Ventas,0
Deposito Avellaneda Sur,2024-01,IVA Ventas,179874500
Deposito Avellaneda Sur,2024-02,IVA Ventas,139419092
Deposito Avellaneda Sur,2024-03,IVA Ventas,224986834
Deposito Avellaneda Sur,2024-04,IVA Ventas,130640378
Deposito Avellaneda Sur,2024-05,IVA Ventas,256964410
Deposito Avellaneda Sur,2024-06,IVA Ventas,147767876
Deposito Avellaneda Sur,2024-07,IVA Ventas,190420452
Deposito Avellaneda Sur,2024-08,IVA Ventas,140065774
Deposito Avellaneda Sur,2024-09,IVA Ventas,157300192
Deposito Avellaneda Sur,2024-10,IVA Ventas,194573206
Deposito Avellaneda Sur,2024-11,IVA Ventas,131327902
Deposito Avellaneda Sur,2024-12,IVA Ventas,175011824
Deposito Avellaneda Sur,2025-01,IVA Ventas,91397653
Deposito Avellaneda Sur,2025-02,IVA Ventas,90539571
Deposito Avellaneda Sur,2025-03,IVA Ventas,107389158
Deposito Avellaneda Sur,2025-04,IVA Ventas,139199460
Edelweiss Spedition,2024-01,IVA Ventas,35273
Edelweiss Spedition,2024-02,IVA Ventas,35939
Edelweiss Spedition,2024-03,IVA Ventas,68841
Edelweiss Spedition,2024-04,IVA Ventas,221007
Edelweiss Spedition,2024-05,IVA Ventas,37289
Edelweiss Spedition,2024-06,IVA Ventas,35366
Edelweiss Spedition,2024-07,IVA Ventas,36494
Edelweiss Spedition,2024-08,IVA Ventas,2374963
Edelweiss Spedition,2024-09,IVA Ventas,301170
Edelweiss Spedition,2024-10,IVA Ventas,1880651
Edelweiss Spedition,2024-11,IVA Ventas,491938
Edelweiss Spedition,2024-12,IVA Ventas,50047
Edelweiss Spedition,2025-01,IVA Ventas,164675
Edelweiss Spedition,2025-02,IVA Ventas,417411
Edelweiss Spedition,2025-03,IVA Ventas,457720
Edelweiss Spedition,2025-04,IVA Ventas,62762
El Llamito,2024-01,IVA Ventas,3150
El Llamito,2024-02,IVA Ventas,3150
El Llamito,2024-03,IVA Ventas,3150
El Llamito,2024-04,IVA Ventas,3150
El Llamito,2024-05,IVA Ventas,3150
El Llamito,2024-06,IVA Ventas,3150
El Llamito,2024-07,IVA Ventas,45150
El Llamito,2024-08,IVA Ventas,3150
El Llamito,2024-09,IVA Ventas,15750
El Llamito,2024-11,IVA Ventas,6300
El Llamito,2024-12,IVA Ventas,3150
El Llamito,2025-01,IVA Ventas,3150
El Llamito,2025-02,IVA Ventas,4200
El Llamito,2025-03,IVA Ventas,4200
El Llamito,2025-04,IVA Ventas,6300
El Marques,2024-01,IVA Ventas,2947516
El Marques,2024-02,IVA Ventas,3140471
El Marques,2024-03,IVA Ventas,3340518
El Marques,2024-04,IVA Ventas,3483497
El Marques,2024-05,IVA Ventas,3681114
El Marques,2024-06,IVA Ventas,6386105
El Marques,2024-07,IVA Ventas,3955464
El Marques,2024-08,IVA Ventas,4450100
El Marques,2024-09,IVA Ventas,4938658
El Marques,2024-10,IVA Ventas,4679217
El Marques,2024-11,IVA Ventas,4904446
El Marques,2024-12,IVA Ventas,4947294
El Marques,2025-01,IVA Ventas,5064867
El Marques,2025-02,IVA Ventas,5121451
El Marques,2025-03,IVA Ventas,5236277
El Marques,2025-04,IVA Ventas,5524103
Jofa,2024-06,IVA Ventas,689479
L A R M Argentina,2024-01,IVA Ventas,2345846
L A R M Argentina,2024-02,IVA Ventas,7802120
L A R M Argentina,2024-03,IVA Ventas,5220342
L A R M Argentina,2024-04,IVA Ventas,4679314
L A R M Argentina,2024-05,IVA Ventas,3616066
L A R M Argentina,2024-06,IVA Ventas,6957600
L A R M Argentina,2024-07,IVA Ventas,9772630
L A R M Argentina,2024-08,IVA Ventas,5972618
L A R M Argentina,2024-09,IVA Ventas,6111728
L A R M Argentina,2024-10,IVA Ventas,7531134
L A R M Argentina,2024-11,IVA Ventas,5982926
L A R M Argentina,2024-12,IVA Ventas,16434194
L A R M Argentina,2025-01,IVA Ventas,13084864
L A R M Argentina,2025-02,IVA Ventas,4637543
L A R M Argentina,2025-03,IVA Ventas,5951988
L A R M Argentina,2025-04,IVA Ventas,5273762
Liftvan International,2024-01,IVA Ventas,23130980
Liftvan International,2024-02,IVA Ventas,26033504
Liftvan International,2024-03,IVA Ventas,15239840
Liftvan International,2024-04,IVA Ventas,33283206
Liftvan International,2024-05,IVA Ventas,29345040
Liftvan International,2024-06,IVA Ventas,28157206
Liftvan International,2024-07,IVA Ventas,28307866
Liftvan International,2024-08,IVA Ventas,61965310
Liftvan International,2024-09,IVA Ventas,71482280
Liftvan International,2024-10,IVA Ventas,53143780
Liftvan International,2024-11,IVA Ventas,92838802
Liftvan International,2024-12,IVA Ventas,48499380
Liftvan International,2025-01,IVA Ventas,76043145
Liftvan International,2025-02,IVA Ventas,34957004
Liftvan International,2025-03,IVA Ventas,37335945
Liftvan International,2025-04,IVA Ventas,30637984
Mercovan Argentina,2024-01,IVA Ventas,18694678
Mercovan Argentina,2024-02,IVA Ventas,23317894
Mercovan Argentina,2024-03,IVA Ventas,18177136
Mercovan Argentina,2024-04,IVA Ventas,21723454
Mercovan Argentina,2024-05,IVA Ventas,23756156
Mercovan Argentina,2024-06,IVA Ventas,28795826
Mercovan Argentina,2024-07,IVA Ventas,14655544
Mercovan Argentina,2024-08,IVA Ventas,27487626
Mercovan Argentina,2024-09,IVA Ventas,31562714
Mercovan Argentina,2024-10,IVA Ventas,25850412
Mercovan Argentina,2024-11,IVA Ventas,16112412
Mercovan Argentina,2024-12,IVA Ventas,49686470
Mercovan Argentina,2025-01,IVA Ventas,9372881
Mercovan Argentina,2025-02,IVA Ventas,15626365
Mercovan Argentina,2025-03,IVA Ventas,16589937
Mercovan Argentina,2025-04,IVA Ventas,8641142
Nerococina,2024-02,IVA Ventas,82834
Nerococina,2024-03,IVA Ventas,1482232
Nerococina,2024-04,IVA Ventas,163267
Nerococina,2024-06,IVA Ventas,505071
Nerococina,2024-07,IVA Ventas,3125955
Nerococina,2024-08,IVA Ventas,269252
Nerococina,2024-09,IVA Ventas,556883
Nerococina,2024-10,IVA Ventas,3656936
Nerococina,2024-11,IVA Ventas,4985517
Nerococina,2024-12,IVA Ventas,315000
Nerococina,2025-01,IVA Ventas,684915
Nerococina,2025-02,IVA Ventas,378000
Nerococina,2025-03,IVA Ventas,883627
Nerococina,2025-04,IVA Ventas,2165108
U-Bros,2024-01,IVA Ventas,969496
U-Bros,2024-02,IVA Ventas,2746124
U-Bros,2024-03,IVA Ventas,2115692
U-Bros,2024-04,IVA Ventas,1516121
U-Bros,2024-05,IVA Ventas,1394967
U-Bros,2024-06,IVA Ventas,3616961
U-Bros,2024-07,IVA Ventas,1446408
U-Bros,2024-08,IVA Ventas,4983108
U-Bros,2024-09,IVA Ventas,3073364
U-Bros,2024-10,IVA Ventas,4166076
U-Bros,2024-11,IVA Ventas,2044197
U-Bros,2024-12,IVA Ventas,1758675
U-Bros,2025-01,IVA Ventas,1956248
U-Bros,2025-02,IVA Ventas,3121047
U-Bros,2025-03,IVA Ventas,3579068
U-Bros,2025-04,IVA Ventas,2900155
Ulog,2024-01,IVA Ventas,1192415
Ulog,2024-02,IVA Ventas,1794005
Ulog,2024-04,IVA Ventas,495417
Ulog,2024-05,IVA Ventas,2056151
Ulog,2024-07,IVA Ventas,193334
Ulog,2024-08,IVA Ventas,263638
Ulog,2024-09,IVA Ventas,714827
Ulog,2024-11,IVA Ventas,4019311
Ulog,2024-12,IVA Ventas,1258704
Ulog,2025-01,IVA Ventas,815673
Ulog,2025-03,IVA Ventas,1563374
Ulog,2025-04,IVA Ventas,1625350
Unapa,2024-02,IVA Ventas,869274
Unapa,2024-03,IVA Ventas,1842141
Unapa,2024-04,IVA Ventas,405862
Unapa,2024-05,IVA Ventas,50629
Unapa,2024-07,IVA Ventas,298452
Unapa,2024-10,IVA Ventas,287742
Viñas En Flor,2024-01,IVA Ventas,10472922
Viñas En Flor,2024-02,IVA Ventas,17168370
Viñas En Flor,2024-03,IVA Ventas,24427354
Viñas En Flor,2024-04,IVA Ventas,17485528
Viñas En Flor,2024-05,IVA Ventas,40602058
Viñas En Flor,2024-06,IVA Ventas,27353052
Viñas En Flor,2024-07,IVA Ventas,29138124
Viñas En Flor,2024-08,IVA Ventas,57005594
Viñas En Flor,2024-09,IVA Ventas,21392520
Viñas En Flor,2024-10,IVA Ventas,28108956
Viñas En Flor,2024-11,IVA Ventas,31704308
Viñas En Flor,2024-12,IVA Ventas,19912336
Winehaus,2024-01,IVA Ventas,42714
Winehaus,2024-02,IVA Ventas,261883
Winehaus,2024-04,IVA Ventas,109796
Winehaus,2024-07,IVA Ventas,69854
Winehaus,2024-08,IVA Ventas,431981
Winehaus,2024-09,IVA Ventas,21954
Winehaus,2024-10,IVA Ventas,0
BA Comex,2024-01,Neto Compras,358049
BA Comex,2024-02,Neto Compras,440202
BA Comex,2024-03,Neto Compras,2471615
BA Comex,2024-04,Neto Compras,2548950
BA Comex,2024-05,Neto Compras,2466724
BA Comex,2024-06,Neto Compras,575723
BA Comex,2024-07,Neto Compras,553619
BA Comex,2024-08,Neto Compras,588199
BA Comex,2024-09,Neto Compras,724509
BA Comex,2024-10,Neto Compras,2952753
BA Comex,2024-11,Neto Compras,6842814
BA Comex,2024-12,Neto Compras,7458709
BA Comex,2025-01,Neto Compras,1648089
BA Comex,2025-02,Neto Compras,3017082
BA Comex,2025-03,Neto Compras,2048298
BA Comex,2025-04,Neto Compras,1607063
De la Arena Coll Manuel,2024-01,Neto Compras,3886
De la Arena Coll Manuel,2024-02,Neto Compras,13442
De la Arena Coll Manuel,2024-03,Neto Compras,16775
De la Arena Coll Manuel,2024-04,Neto Compras,8588
De la Arena Coll Manuel,2024-05,Neto Compras,29663
De la Arena Coll Manuel,2024-06,Neto Compras,62082
De la Arena Coll Manuel,2024-07,Neto Compras,32723
De la Arena Coll Manuel,2024-08,Neto Compras,55422
De la Arena Coll Manuel,2024-09,Neto Compras,59166
De la Arena Coll Manuel,2025-01,Neto Compras,104036
De la Arena Coll Manuel,2025-02,Neto Compras,21704
De la Arena Coll Manuel,2025-03,Neto Compras,44921
De la Arena Coll Manuel,2025-04,Neto Compras,257337
Deposito Avellaneda Sur,2024-01,Neto Compras,320450262
Deposito Avellaneda Sur,2024-02,Neto Compras,465963252
Deposito Avellaneda Sur,2024-03,Neto Compras,407438678
Deposito Avellaneda Sur,2024-04,Neto Compras,423508230
Deposito Avellaneda Sur,2024-05,Neto Compras,376295310
Deposito Avellaneda Sur,2024-06,Neto Compras,366579608
Deposito Avellaneda Sur,2024-07,Neto Compras,372885296
Deposito Avellaneda Sur,2024-08,Neto Compras,571934100
Deposito Avellaneda Sur,2024-09,Neto Compras,509604296
Deposito Avellaneda Sur,2024-10,Neto Compras,568442516
Deposito Avellaneda Sur,2024-11,Neto Compras,676994476
Deposito Avellaneda Sur,2024-12,Neto Compras,785172558
Deposito Avellaneda Sur,2025-01,Neto Compras,357245675
Deposito Avellaneda Sur,2025-02,Neto Compras,348503088
Deposito Avellaneda Sur,2025-03,Neto Compras,322461384
Deposito Avellaneda Sur,2025-04,Neto Compras,357557003
Edelweiss Spedition,2024-01,Neto Compras,4223810
Edelweiss Spedition,2024-02,Neto Compras,12799484
Edelweiss Spedition,2024-03,Neto Compras,6115147
Edelweiss Spedition,2024-04,Neto Compras,10596158
Edelweiss Spedition,2024-05,Neto Compras,8773094
Edelweiss Spedition,2024-06,Neto Compras,7517471
Edelweiss Spedition,2024-07,Neto Compras,8346231
Edelweiss Spedition,2024-08,Neto Compras,8732647
Edelweiss Spedition,2024-09,Neto Compras,13628694
Edelweiss Spedition,2024-10,Neto Compras,12644486
Edelweiss Spedition,2024-11,Neto Compras,11055846
Edelweiss Spedition,2024-12,Neto Compras,15868351
Edelweiss Spedition,2025-01,Neto Compras,26167202
Edelweiss Spedition,2025-02,Neto Compras,33073996
Edelweiss Spedition,2025-03,Neto Compras,51015807
Edelweiss Spedition,2025-04,Neto Compras,41344021
El Llamito,2024-01,Neto Compras,0
El Llamito,2024-02,Neto Compras,0
El Llamito,2024-03,Neto Compras,0
El Llamito,2024-04,Neto Compras,0
El Llamito,2024-05,Neto Compras,0
El Llamito,2024-06,Neto Compras,0
El Llamito,2024-07,Neto Compras,8428650
El Llamito,2024-08,Neto Compras,350000
El Llamito,2024-09,Neto Compras,0
El Llamito,2024-11,Neto Compras,0
El Llamito,2024-12,Neto Compras,0
El Llamito,2025-01,Neto Compras,0
El Llamito,2025-02,Neto Compras,0
El Llamito,2025-03,Neto Compras,0
El Llamito,2025-04,Neto Compras,0
El Marques,2024-01,Neto Compras,4681785
El Marques,2024-02,Neto Compras,4750338
El Marques,2024-03,Neto Compras,11457148
El Marques,2024-04,Neto Compras,5195114
El Marques,2024-05,Neto Compras,13718071
El Marques,2024-06,Neto Compras,13315090
El Marques,2024-07,Neto Compras,8063968
El Marques,2024-08,Neto Compras,15380973
El Marques,2024-09,Neto Compras,22801235
El Marques,2024-10,Neto Compras,19843419
El Marques,2024-11,Neto Compras,6050070
El Marques,2024-12,Neto Compras,7529812
El Marques,2025-01,Neto Compras,6616384
El Marques,2025-02,Neto Compras,8117346
El Marques,2025-03,Neto Compras,8985808
El Marques,2025-04,Neto Compras,10002654
Jofa,2024-06,Neto Compras,104915892
L A R M Argentina,2024-01,Neto Compras,1085008
L A R M Argentina,2024-02,Neto Compras,1094352
L A R M Argentina,2024-03,Neto Compras,3005092
L A R M Argentina,2024-04,Neto Compras,2125083
L A R M Argentina,2024-05,Neto Compras,3428033
L A R M Argentina,2024-06,Neto Compras,3826372
L A R M Argentina,2024-07,Neto Compras,9877862
L A R M Argentina,2024-08,Neto Compras,10689569
L A R M Argentina,2024-09,Neto Compras,2762179
L A R M Argentina,2024-10,Neto Compras,5551474
L A R M Argentina,2024-11,Neto Compras,9072382
L A R M Argentina,2024-12,Neto Compras,3137338
L A R M Argentina,2025-01,Neto Compras,8185084
L A R M Argentina,2025-02,Neto Compras,10127075
L A R M Argentina,2025-03,Neto Compras,7972398
L A R M Argentina,2025-04,Neto Compras,9593248
Liftvan International,2024-01,Neto Compras,129659652
Liftvan International,2024-02,Neto Compras,120714852
Liftvan International,2024-03,Neto Compras,145752432
Liftvan International,2024-04,Neto Compras,138698716
Liftvan International,2024-05,Neto Compras,167944456
Liftvan International,2024-06,Neto Compras,145961464
Liftvan International,2024-07,Neto Compras,164949440
Liftvan International,2024-08,Neto Compras,151006938
Liftvan International,2024-09,Neto Compras,191965100
Liftvan International,2024-10,Neto Compras,269166948
Liftvan International,2024-11,Neto Compras,287209940
Liftvan International,2024-12,Neto Compras,245724118
Liftvan International,2025-01,Neto Compras,123925735
Liftvan International,2025-02,Neto Compras,169525480
Liftvan International,2025-03,Neto Compras,188620851
Liftvan International,2025-04,Neto Compras,200798898
Mercovan Argentina,2024-01,Neto Compras,62188460
Mercovan Argentina,2024-02,Neto Compras,49874854
Mercovan Argentina,2024-03,Neto Compras,63884976
Mercovan Argentina,2024-04,Neto Compras,96318234
Mercovan Argentina,2024-05,Neto Compras,58146710
Mercovan Argentina,2024-06,Neto Compras,54775602
Mercovan Argentina,2024-07,Neto Compras,91539744
Mercovan Argentina,2024-08,Neto Compras,89722600
Mercovan Argentina,2024-09,Neto Compras,71902696
Mercovan Argentina,2024-10,Neto Compras,101289574
Mercovan Argentina,2024-11,Neto Compras,88505286
Mercovan Argentina,2024-12,Neto Compras,90212598
Mercovan Argentina,2025-01,Neto Compras,35211891
Mercovan Argentina,2025-02,Neto Compras,48920223
Mercovan Argentina,2025-03,Neto Compras,73264492
Mercovan Argentina,2025-04,Neto Compras,56685703
Nerococina,2024-02,Neto Compras,451842
Nerococina,2024-03,Neto Compras,2854545
Nerococina,2024-04,Neto Compras,877945
Nerococina,2024-06,Neto Compras,1800381
Nerococina,2024-07,Neto Compras,5025061
Nerococina,2024-08,Neto Compras,6244001
Nerococina,2024-09,Neto Compras,4686185
Nerococina,2024-10,Neto Compras,11128533
Nerococina,2024-11,Neto Compras,8853623
Nerococina,2024-12,Neto Compras,4644940
Nerococina,2025-01,Neto Compras,3989237
Nerococina,2025-02,Neto Compras,6287964
Nerococina,2025-03,Neto Compras,9425424
Nerococina,2025-04,Neto Compras,8186501
U-Bros,2024-01,Neto Compras,329841
U-Bros,2024-02,Neto Compras,2285184
U-Bros,2024-03,Neto Compras,1933256
U-Bros,2024-04,Neto Compras,810525
U-Bros,2024-05,Neto Compras,1832343
U-Bros,2024-06,Neto Compras,1685625
U-Bros,2024-07,Neto Compras,1958340
U-Bros,2024-08,Neto Compras,1830831
U-Bros,2024-09,Neto Compras,1744355
U-Bros,2024-10,Neto Compras,1395842
U-Bros,2024-11,Neto Compras,2629173
U-Bros,2024-12,Neto Compras,1332199
U-Bros,2025-01,Neto Compras,906878
U-Bros,2025-02,Neto Compras,4826795
U-Bros,2025-03,Neto Compras,727800
U-Bros,2025-04,Neto Compras,1918005
Ulog,2024-01,Neto Compras,841639
Ulog,2024-02,Neto Compras,2192022
Ulog,2024-04,Neto Compras,3216719
Ulog,2024-05,Neto Compras,4660691
Ulog,2024-07,Neto Compras,61400
Ulog,2024-08,Neto Compras,836270
Ulog,2024-09,Neto Compras,110934
Ulog,2024-11,Neto Compras,377024
Ulog,2024-12,Neto Compras,6447737
Ulog,2025-01,Neto Compras,1150462
Ulog,2025-03,Neto Compras,149286
Ulog,2025-04,Neto Compras,635263
Unapa,2024-02,Neto Compras,6261348
Unapa,2024-03,Neto Compras,1787930
Unapa,2024-04,Neto Compras,2564647
Unapa,2024-05,Neto Compras,14129619
Unapa,2024-07,Neto Compras,3292622
Unapa,2024-10,Neto Compras,3450149
Viñas En Flor,2024-01,Neto Compras,15261914
Viñas En Flor,2024-02,Neto Compras,29049874
Viñas En Flor,2024-03,Neto Compras,49099804
Viñas En Flor,2024-04,Neto Compras,47488470
Viñas En Flor,2024-05,Neto Compras,33470094
Viñas En Flor,2024-06,Neto Compras,28360846
Viñas En Flor,2024-07,Neto Compras,41752928
Viñas En Flor,2024-08,Neto Compras,50553148
Viñas En Flor,2024-09,Neto Compras,35928664
Viñas En Flor,2024-10,Neto Compras,39655646
Viñas En Flor,2024-11,Neto Compras,71597960
Viñas En Flor,2024-12,Neto Compras,20057776
Winehaus,2024-01,Neto Compras,159874
Winehaus,2024-02,Neto Compras,64898
Winehaus,2024-04,Neto Compras,535882
Winehaus,2024-07,Neto Compras,448080
Winehaus,2024-08,Neto Compras,835052
Winehaus,2024-09,Neto Compras,146841
Winehaus,2024-10,Neto Compras,83593
BA Comex,2024-01,IVA Compras,75191
BA Comex,2024-02,IVA Compras,92444
BA Comex,2024-03,IVA Compras,519041
BA Comex,2024-04,IVA Compras,535282
BA Comex,2024-05,IVA Compras,518013
BA Comex,2024-06,IVA Compras,120901
BA Comex,2024-07,IVA Compras,116259
BA Comex,2024-08,IVA Compras,123522
BA Comex,2024-09,IVA Compras,152147
BA Comex,2024-10,IVA Compras,620077
BA Comex,2024-11,IVA Compras,1436992
BA Comex,2024-12,IVA Compras,1564751
BA Comex,2025-01,IVA Compras,243723
BA Comex,2025-02,IVA Compras,633585
BA Comex,2025-03,IVA Compras,430144
BA Comex,2025-04,IVA Compras,337486
De la Arena Coll Manuel,2024-01,IVA Compras,816
De la Arena Coll Manuel,2024-02,IVA Compras,1088
De la Arena Coll Manuel,2024-03,IVA Compras,2385
De la Arena Coll Manuel,2024-04,IVA Compras,1803
De la Arena Coll Manuel,2024-05,IVA Compras,3644
De la Arena Coll Manuel,2024-06,IVA Compras,13038
De la Arena Coll Manuel,2024-07,IVA Compras,6872
De la Arena Coll Manuel,2024-08,IVA Compras,4652
De la Arena Coll Manuel,2024-09,IVA Compras,5439
De la Arena Coll Manuel,2025-01,IVA Compras,15867
De la Arena Coll Manuel,2025-02,IVA Compras,4557
De la Arena Coll Manuel,2025-03,IVA Compras,9433
De la Arena Coll Manuel,2025-04,IVA Compras,18340
Deposito Avellaneda Sur,2024-01,IVA Compras,59727472
Deposito Avellaneda Sur,2024-02,IVA Compras,89082366
Deposito Avellaneda Sur,2024-03,IVA Compras,76785180
Deposito Avellaneda Sur,2024-04,IVA Compras,74045638
Deposito Avellaneda Sur,2024-05,IVA Compras,71881660
Deposito Avellaneda Sur,2024-06,IVA Compras,68761386
Deposito Avellaneda Sur,2024-07,IVA Compras,61845490
Deposito Avellaneda Sur,2024-08,IVA Compras,106568622
Deposito Avellaneda Sur,2024-09,IVA Compras,94044386
Deposito Avellaneda Sur,2024-10,IVA Compras,105389826
Deposito Avellaneda Sur,2024-11,IVA Compras,127213052
Deposito Avellaneda Sur,2024-12,IVA Compras,149951976
Deposito Avellaneda Sur,2025-01,IVA Compras,61736045
Deposito Avellaneda Sur,2025-02,IVA Compras,65795387
Deposito Avellaneda Sur,2025-03,IVA Compras,60340531
Deposito Avellaneda Sur,2025-04,IVA Compras,65139522
Edelweiss Spedition,2024-01,IVA Compras,582785
Edelweiss Spedition,2024-02,IVA Compras,1772173
Edelweiss Spedition,2024-03,IVA Compras,971281
Edelweiss Spedition,2024-04,IVA Compras,1769504
Edelweiss Spedition,2024-05,IVA Compras,1095678
Edelweiss Spedition,2024-06,IVA Compras,952807
Edelweiss Spedition,2024-07,IVA Compras,745288
Edelweiss Spedition,2024-08,IVA Compras,825170
Edelweiss Spedition,2024-09,IVA Compras,1167114
Edelweiss Spedition,2024-10,IVA Compras,1019669
Edelweiss Spedition,2024-11,IVA Compras,717382
Edelweiss Spedition,2024-12,IVA Compras,1080995
Edelweiss Spedition,2025-01,IVA Compras,2715574
Edelweiss Spedition,2025-02,IVA Compras,4297028
Edelweiss Spedition,2025-03,IVA Compras,8603123
Edelweiss Spedition,2025-04,IVA Compras,6135334
El Llamito,2024-01,IVA Compras,0
El Llamito,2024-02,IVA Compras,0
El Llamito,2024-03,IVA Compras,0
El Llamito,2024-04,IVA Compras,0
El Llamito,2024-05,IVA Compras,0
El Llamito,2024-06,IVA Compras,0
El Llamito,2024-07,IVA Compras,578718
El Llamito,2024-08,IVA Compras,0
El Llamito,2024-09,IVA Compras,0
El Llamito,2024-11,IVA Compras,0
El Llamito,2024-12,IVA Compras,0
El Llamito,2025-01,IVA Compras,0
El Llamito,2025-02,IVA Compras,0
El Llamito,2025-03,IVA Compras,0
El Llamito,2025-04,IVA Compras,0
El Marques,2024-01,IVA Compras,983175
El Marques,2024-02,IVA Compras,997571
El Marques,2024-03,IVA Compras,2406001
El Marques,2024-04,IVA Compras,1090974
El Marques,2024-05,IVA Compras,2880795
El Marques,2024-06,IVA Compras,2796169
El Marques,2024-07,IVA Compras,1693434
El Marques,2024-08,IVA Compras,3230005
El Marques,2024-09,IVA Compras,3528259
El Marques,2024-10,IVA Compras,2907119
El Marques,2024-11,IVA Compras,1162743
El Marques,2024-12,IVA Compras,1581260
El Marques,2025-01,IVA Compras,1389440
El Marques,2025-02,IVA Compras,1704642
El Marques,2025-03,IVA Compras,1887020
El Marques,2025-04,IVA Compras,2100557
Jofa,2024-06,IVA Compras,17109009
L A R M Argentina,2024-01,IVA Compras,81412
L A R M Argentina,2024-02,IVA Compras,80145
L A R M Argentina,2024-03,IVA Compras,117184
L A R M Argentina,2024-04,IVA Compras,85995
L A R M Argentina,2024-05,IVA Compras,140119
L A R M Argentina,2024-06,IVA Compras,153269
L A R M Argentina,2024-07,IVA Compras,1541419
L A R M Argentina,2024-08,IVA Compras,1168597
L A R M Argentina,2024-09,IVA Compras,113240
L A R M Argentina,2024-10,IVA Compras,801557
L A R M Argentina,2024-11,IVA Compras,1059987
L A R M Argentina,2024-12,IVA Compras,136475
L A R M Argentina,2025-01,IVA Compras,1210834
L A R M Argentina,2025-02,IVA Compras,1279761
L A R M Argentina,2025-03,IVA Compras,1178077
L A R M Argentina,2025-04,IVA Compras,940446
Liftvan International,2024-01,IVA Compras,21246098
Liftvan International,2024-02,IVA Compras,21542962
Liftvan International,2024-03,IVA Compras,26157252
Liftvan International,2024-04,IVA Compras,23738492
Liftvan International,2024-05,IVA Compras,28776454
Liftvan International,2024-06,IVA Compras,27409492
Liftvan International,2024-07,IVA Compras,28751954
Liftvan International,2024-08,IVA Compras,27222284
Liftvan International,2024-09,IVA Compras,31585226
Liftvan International,2024-10,IVA Compras,50750546
Liftvan International,2024-11,IVA Compras,50257720
Liftvan International,2024-12,IVA Compras,47445150
Liftvan International,2025-01,IVA Compras,20448802
Liftvan International,2025-02,IVA Compras,29974581
Liftvan International,2025-03,IVA Compras,34843234
Liftvan International,2025-04,IVA Compras,34756830
Mercovan Argentina,2024-01,IVA Compras,11688180
Mercovan Argentina,2024-02,IVA Compras,7284648
Mercovan Argentina,2024-03,IVA Compras,10552852
Mercovan Argentina,2024-04,IVA Compras,17120224
Mercovan Argentina,2024-05,IVA Compras,10572276
Mercovan Argentina,2024-06,IVA Compras,7883086
Mercovan Argentina,2024-07,IVA Compras,16534200
Mercovan Argentina,2024-08,IVA Compras,16436956
Mercovan Argentina,2024-09,IVA Compras,12355970
Mercovan Argentina,2024-10,IVA Compras,17615782
Mercovan Argentina,2024-11,IVA Compras,15282662
Mercovan Argentina,2024-12,IVA Compras,16204016
Mercovan Argentina,2025-01,IVA Compras,5772018
Mercovan Argentina,2025-02,IVA Compras,8329016
Mercovan Argentina,2025-03,IVA Compras,13039136
Mercovan Argentina,2025-04,IVA Compras,10110935
Nerococina,2024-02,IVA Compras,76594
Nerococina,2024-03,IVA Compras,400671
Nerococina,2024-04,IVA Compras,137552
Nerococina,2024-06,IVA Compras,165749
Nerococina,2024-07,IVA Compras,974009
Nerococina,2024-08,IVA Compras,694274
Nerococina,2024-09,IVA Compras,609468
Nerococina,2024-10,IVA Compras,826187
Nerococina,2024-11,IVA Compras,696901
Nerococina,2024-12,IVA Compras,519744
Nerococina,2025-01,IVA Compras,281447
Nerococina,2025-02,IVA Compras,615168
Nerococina,2025-03,IVA Compras,1079287
Nerococina,2025-04,IVA Compras,670807
U-Bros,2024-01,IVA Compras,69267
U-Bros,2024-02,IVA Compras,414368
U-Bros,2024-03,IVA Compras,365034
U-Bros,2024-04,IVA Compras,119809
U-Bros,2024-05,IVA Compras,340694
U-Bros,2024-06,IVA Compras,296800
U-Bros,2024-07,IVA Compras,361901
U-Bros,2024-08,IVA Compras,327586
U-Bros,2024-09,IVA Compras,304712
U-Bros,2024-10,IVA Compras,235797
U-Bros,2024-11,IVA Compras,414045
U-Bros,2024-12,IVA Compras,201952
U-Bros,2025-01,IVA Compras,128282
U-Bros,2025-02,IVA Compras,948420
U-Bros,2025-03,IVA Compras,84590
U-Bros,2025-04,IVA Compras,333482
Ulog,2024-01,IVA Compras,176745
Ulog,2024-02,IVA Compras,433915
Ulog,2024-04,IVA Compras,675512
Ulog,2024-05,IVA Compras,966250
Ulog,2024-07,IVA Compras,12894
Ulog,2024-08,IVA Compras,38276
Ulog,2024-09,IVA Compras,23296
Ulog,2024-11,IVA Compras,79175
Ulog,2024-12,IVA Compras,1216685
Ulog,2025-01,IVA Compras,241597
Ulog,2025-03,IVA Compras,31350
Ulog,2025-04,IVA Compras,1105
Unapa,2024-02,IVA Compras,777462
Unapa,2024-03,IVA Compras,375465
Unapa,2024-04,IVA Compras,531925
Unapa,2024-05,IVA Compras,2967224
Unapa,2024-07,IVA Compras,689739
Unapa,2024-10,IVA Compras,616805
Viñas En Flor,2024-01,IVA Compras,2527644
Viñas En Flor,2024-02,IVA Compras,4952970
Viñas En Flor,2024-03,IVA Compras,6624142
Viñas En Flor,2024-04,IVA Compras,7875402
Viñas En Flor,2024-05,IVA Compras,4816926
Viñas En Flor,2024-06,IVA Compras,4211520
Viñas En Flor,2024-07,IVA Compras,6611246
Viñas En Flor,2024-08,IVA Compras,8529074
Viñas En Flor,2024-09,IVA Compras,5267186
Viñas En Flor,2024-10,IVA Compras,6114464
Viñas En Flor,2024-11,IVA Compras,12020928
Viñas En Flor,2024-12,IVA Compras,2329616
Winehaus,2024-01,IVA Compras,22025
Winehaus,2024-02,IVA Compras,12818
Winehaus,2024-04,IVA Compras,112533
Winehaus,2024-07,IVA Compras,94096
Winehaus,2024-08,IVA Compras,38020
Winehaus,2024-09,IVA Compras,30836
Winehaus,2024-10,IVA Compras,17555
BA Comex,2024-01,Saldo IVA,1582910
BA Comex,2024-02,Saldo IVA,1861127
BA Comex,2024-03,Saldo IVA,59013
BA Comex,2024-04,Saldo IVA,268317
BA Comex,2024-05,Saldo IVA,759783
BA Comex,2024-06,Saldo IVA,103630
BA Comex,2024-07,Saldo IVA,145185
BA Comex,2024-08,Saldo IVA,978108
BA Comex,2024-09,Saldo IVA,1420528
BA Comex,2024-10,Saldo IVA,212775
BA Comex,2024-11,Saldo IVA,1464171
BA Comex,2024-12,Saldo IVA,584202
BA Comex,2025-01,Saldo IVA,2353208
BA Comex,2025-02,Saldo IVA,2873445
BA Comex,2025-03,Saldo IVA,1599700
BA Comex,2025-04,Saldo IVA,1264788
De la Arena Coll Manuel,2024-01,Saldo IVA,-816
De la Arena Coll Manuel,2024-02,Saldo IVA,-1088
De la Arena Coll Manuel,2024-03,Saldo IVA,-2385
De la Arena Coll Manuel,2024-04,Saldo IVA,-1803
De la Arena Coll Manuel,2024-05,Saldo IVA,-3644
De la Arena Coll Manuel,2024-06,Saldo IVA,-13038
De la Arena Coll Manuel,2024-07,Saldo IVA,-6872
De la Arena Coll Manuel,2024-08,Saldo IVA,-4652
De la Arena Coll Manuel,2024-09,Saldo IVA,-5439
De la Arena Coll Manuel,2025-01,Saldo IVA,-15867
De la Arena Coll Manuel,2025-02,Saldo IVA,-4557
De la Arena Coll Manuel,2025-03,Saldo IVA,-9433
De la Arena Coll Manuel,2025-04,Saldo IVA,-18340
Deposito Avellaneda Sur,2024-01,Saldo IVA,120147028
Deposito Avellaneda Sur,2024-02,Saldo IVA,50336726
Deposito Avellaneda Sur,2024-03,Saldo IVA,148201654
Deposito Avellaneda Sur,2024-04,Saldo IVA,56594740
Deposito Avellaneda Sur,2024-05,Saldo IVA,185082750
Deposito Avellaneda Sur,2024-06,Saldo IVA,79006490
Deposito Avellaneda Sur,2024-07,Saldo IVA,128574962
Deposito Avellaneda Sur,2024-08,Saldo IVA,33497152
Deposito Avellaneda Sur,2024-09,Saldo IVA,63255806
Deposito Avellaneda Sur,2024-10,Saldo IVA,89183380
Deposito Avellaneda Sur,2024-11,Saldo IVA,4114850
Deposito Avellaneda Sur,2024-12,Saldo IVA,25059848
Deposito Avellaneda Sur,2025-01,Saldo IVA,29661608
Deposito Avellaneda Sur,2025-02,Saldo IVA,24744184
Deposito Avellaneda Sur,2025-03,Saldo IVA,47048627
Deposito Avellaneda Sur,2025-04,Saldo IVA,74059938
Edelweiss Spedition,2024-01,Saldo IVA,-547512
Edelweiss Spedition,2024-02,Saldo IVA,-1736234
Edelweiss Spedition,2024-03,Saldo IVA,-902440
Edelweiss Spedition,2024-04,Saldo IVA,-1548497
Edelweiss Spedition,2024-05,Saldo IVA,-1058389
Edelweiss Spedition,2024-06,Saldo IVA,-917441
Edelweiss Spedition,2024-07,Saldo IVA,-708794
Edelweiss Spedition,2024-08,Saldo IVA,1549793
Edelweiss Spedition,2024-09,Saldo IVA,-865944
Edelweiss Spedition,2024-10,Saldo IVA,860982
Edelweiss Spedition,2024-11,Saldo IVA,-225444
Edelweiss Spedition,2024-12,Saldo IVA,-1030948
Edelweiss Spedition,2025-01,Saldo IVA,-2550899
Edelweiss Spedition,2025-02,Saldo IVA,-3879617
Edelweiss Spedition,2025-03,Saldo IVA,-8145403
Edelweiss Spedition,2025-04,Saldo IVA,-6072572
El Llamito,2024-01,Saldo IVA,3150
El Llamito,2024-02,Saldo IVA,3150
El Llamito,2024-03,Saldo IVA,3150
El Llamito,2024-04,Saldo IVA,3150
El Llamito,2024-05,Saldo IVA,3150
El Llamito,2024-06,Saldo IVA,3150
El Llamito,2024-07,Saldo IVA,-533568
El Llamito,2024-08,Saldo IVA,3150
El Llamito,2024-09,Saldo IVA,15750
El Llamito,2024-11,Saldo IVA,6300
El Llamito,2024-12,Saldo IVA,3150
El Llamito,2025-01,Saldo IVA,3150
El Llamito,2025-02,Saldo IVA,4200
El Llamito,2025-03,Saldo IVA,4200
El Llamito,2025-04,Saldo IVA,6300
El Marques,2024-01,Saldo IVA,1964341
El Marques,2024-02,Saldo IVA,2142900
El Marques,2024-03,Saldo IVA,934517
El Marques,2024-04,Saldo IVA,2392523
El Marques,2024-05,Saldo IVA,800319
El Marques,2024-06,Saldo IVA,3589936
El Marques,2024-07,Saldo IVA,2262030
El Marques,2024-08,Saldo IVA,1220095
El Marques,2024-09,Saldo IVA,1410399
El Marques,2024-10,Saldo IVA,1772098
El Marques,2024-11,Saldo IVA,3741703
El Marques,2024-12,Saldo IVA,3366034
El Marques,2025-01,Saldo IVA,3675427
El Marques,2025-02,Saldo IVA,3416809
El Marques,2025-03,Saldo IVA,3349257
El Marques,2025-04,Saldo IVA,3423546
Jofa,2024-06,Saldo IVA,-16419530
L A R M Argentina,2024-01,Saldo IVA,2264434
L A R M Argentina,2024-02,Saldo IVA,7721975
L A R M Argentina,2024-03,Saldo IVA,5103158
L A R M Argentina,2024-04,Saldo IVA,4593319
L A R M Argentina,2024-05,Saldo IVA,3475947
L A R M Argentina,2024-06,Saldo IVA,6804331
L A R M Argentina,2024-07,Saldo IVA,8231211
L A R M Argentina,2024-08,Saldo IVA,4804021
L A R M Argentina,2024-09,Saldo IVA,5998488
L A R M Argentina,2024-10,Saldo IVA,6729577
L A R M Argentina,2024-11,Saldo IVA,4922939
L A R M Argentina,2024-12,Saldo IVA,16297719
L A R M Argentina,2025-01,Saldo IVA,11874030
L A R M Argentina,2025-02,Saldo IVA,3357782
L A R M Argentina,2025-03,Saldo IVA,4773911
L A R M Argentina,2025-04,Saldo IVA,4333316
Liftvan International,2024-01,Saldo IVA,1884882
Liftvan International,2024-02,Saldo IVA,4490542
Liftvan International,2024-03,Saldo IVA,-10917412
Liftvan International,2024-04,Saldo IVA,9544714
Liftvan International,2024-05,Saldo IVA,568586
Liftvan International,2024-06,Saldo IVA,747714
Liftvan International,2024-07,Saldo IVA,-444088
Liftvan International,2024-08,Saldo IVA,34743026
Liftvan International,2024-09,Saldo IVA,39897054
Liftvan International,2024-10,Saldo IVA,2393234
Liftvan International,2024-11,Saldo IVA,42581082
Liftvan International,2024-12,Saldo IVA,1054230
Liftvan International,2025-01,Saldo IVA,55594343
Liftvan International,2025-02,Saldo IVA,4982423
Liftvan International,2025-03,Saldo IVA,2492711
Liftvan International,2025-04,Saldo IVA,-4118846
Mercovan Argentina,2024-01,Saldo IVA,7006498
Mercovan Argentina,2024-02,Saldo IVA,16033246
Mercovan Argentina,2024-03,Saldo IVA,7624284
Mercovan Argentina,2024-04,Saldo IVA,4603230
Mercovan Argentina,2024-05,Saldo IVA,13183880
Mercovan Argentina,2024-06,Saldo IVA,20912740
Mercovan Argentina,2024-07,Saldo IVA,-1878656
Mercovan Argentina,2024-08,Saldo IVA,11050670
Mercovan Argentina,2024-09,Saldo IVA,19206744
Mercovan Argentina,2024-10,Saldo IVA,8234630
Mercovan Argentina,2024-11,Saldo IVA,829750
Mercovan Argentina,2024-12,Saldo IVA,33482454
Mercovan Argentina,2025-01,Saldo IVA,3600863
Mercovan Argentina,2025-02,Saldo IVA,7297349
Mercovan Argentina,2025-03,Saldo IVA,3550801
Mercovan Argentina,2025-04,Saldo IVA,-1469793
Nerococina,2024-02,Saldo IVA,6240
Nerococina,2024-03,Saldo IVA,1081561
Nerococina,2024-04,Saldo IVA,25715
Nerococina,2024-06,Saldo IVA,339322
Nerococina,2024-07,Saldo IVA,2151946
Nerococina,2024-08,Saldo IVA,-425022
Nerococina,2024-09,Saldo IVA,-52585
Nerococina,2024-10,Saldo IVA,2830749
Nerococina,2024-11,Saldo IVA,4288616
Nerococina,2024-12,Saldo IVA,-204744
Nerococina,2025-01,Saldo IVA,403468
Nerococina,2025-02,Saldo IVA,-237168
Nerococina,2025-03,Saldo IVA,-195660
Nerococina,2025-04,Saldo IVA,1494301
U-Bros,2024-01,Saldo IVA,900229
U-Bros,2024-02,Saldo IVA,2331756
U-Bros,2024-03,Saldo IVA,1750658
U-Bros,2024-04,Saldo IVA,1396312
U-Bros,2024-05,Saldo IVA,1054273
U-Bros,2024-06,Saldo IVA,3320161
U-Bros,2024-07,Saldo IVA,1084507
U-Bros,2024-08,Saldo IVA,4655522
U-Bros,2024-09,Saldo IVA,2768652
U-Bros,2024-10,Saldo IVA,3930279
U-Bros,2024-11,Saldo IVA,1630152
U-Bros,2024-12,Saldo IVA,1556723
U-Bros,2025-01,Saldo IVA,1827966
U-Bros,2025-02,Saldo IVA,2172627
U-Bros,2025-03,Saldo IVA,3494478
U-Bros,2025-04,Saldo IVA,2566673
Ulog,2024-01,Saldo IVA,1015670
Ulog,2024-02,Saldo IVA,1360090
Ulog,2024-04,Saldo IVA,-180095
Ulog,2024-05,Saldo IVA,1089901
Ulog,2024-07,Saldo IVA,180440
Ulog,2024-08,Saldo IVA,225362
Ulog,2024-09,Saldo IVA,691531
Ulog,2024-11,Saldo IVA,3940136
Ulog,2024-12,Saldo IVA,42019
Ulog,2025-01,Saldo IVA,574076
Ulog,2025-03,Saldo IVA,1532024
Ulog,2025-04,Saldo IVA,1624245
Unapa,2024-02,Saldo IVA,91812
Unapa,2024-03,Saldo IVA,1466676
Unapa,2024-04,Saldo IVA,-126063
Unapa,2024-05,Saldo IVA,-2916595
Unapa,2024-07,Saldo IVA,-391287
Unapa,2024-10,Saldo IVA,-329063
Viñas En Flor,2024-01,Saldo IVA,7945278
Viñas En Flor,2024-02,Saldo IVA,12215400
Viñas En Flor,2024-03,Saldo IVA,17803212
Viñas En Flor,2024-04,Saldo IVA,9610126
Viñas En Flor,2024-05,Saldo IVA,35785132
Viñas En Flor,2024-06,Saldo IVA,23141532
Viñas En Flor,2024-07,Saldo IVA,22526878
Viñas En Flor,2024-08,Saldo IVA,48476520
Viñas En Flor,2024-09,Saldo IVA,16125334
Viñas En Flor,2024-10,Saldo IVA,21994492
Viñas En Flor,2024-11,Saldo IVA,19683380
Viñas En Flor,2024-12,Saldo IVA,17582720
Winehaus,2024-01,Saldo IVA,20689
Winehaus,2024-02,Saldo IVA,249065
Winehaus,2024-04,Saldo IVA,-2737
Winehaus,2024-07,Saldo IVA,-24242
Winehaus,2024-08,Saldo IVA,393961
Winehaus,2024-09,Saldo IVA,-8882
Winehaus,2024-10,Saldo IVA,-17555
