Company Name,Mes,Variable,Value
BA Comex S.A.,06-2024,Ventas Netas,5245855
Deposito Avellaneda Sur S.A.,06-2024,Ventas Netas,329737827
Edelweiss Spedition Srl,06-2024,Ventas Netas,25257605
El Llamito S.A.,06-2024,Ventas Netas,0
El Marques S.A.,06-2024,Ventas Netas,21190951
Jofa S.A.,06-2024,Ventas Netas,0
L A R M Argentina Sociedad Anonima,06-2024,Ventas Netas,35002628
Liftvan International Company S A C,06-2024,Ventas Netas,260837557
Mercovan Argentina S.A.,06-2024,Ventas Netas,141080650
Nerococina S.A.,06-2024,Ventas Netas,1282150
U-Bros S.A.,06-2024,Ventas Netas,9548340
Ulog S.A.,06-2024,Ventas Netas,1255418
Unapa S.A.,06-2024,Ventas Netas,0
Unknown Company,06-2024,Ventas Netas,0
Viñas En Flor S. R. L.,06-2024,Ventas Netas,135727257
Winehaus S.A.,06-2024,Ventas Netas,2057053
BA Comex S.A.,07-2024,Ventas Netas,1244973
Deposito Avellaneda Sur S.A.,07-2024,Ventas Netas,459000563
Edelweiss Spedition Srl,07-2024,Ventas Netas,10030107
El Llamito S.A.,07-2024,Ventas Netas,183900000
El Marques S.A.,07-2024,Ventas Netas,18835540
Jofa S.A.,07-2024,Ventas Netas,0
L A R M Argentina Sociedad Anonima,07-2024,Ventas Netas,34171990
Liftvan International Company S A C,07-2024,Ventas Netas,158999170
Mercovan Argentina S.A.,07-2024,Ventas Netas,146386486
Nerococina S.A.,07-2024,Ventas Netas,14885500
Procnost S.A.,07-2024,Ventas Netas,0
U-Bros S.A.,07-2024,Ventas Netas,6887655
Ulog S.A.,07-2024,Ventas Netas,0
Unapa S.A.,07-2024,Ventas Netas,1421200
Unknown Company,07-2024,Ventas Netas,0
Viñas En Flor S. R. L.,07-2024,Ventas Netas,69375912
Winehaus S.A.,07-2024,Ventas Netas,332640
BA Comex S.A.,06-2024,IVA Ventas,1101626
Deposito Avellaneda Sur S.A.,06-2024,IVA Ventas,68487840
Edelweiss Spedition Srl,06-2024,IVA Ventas,3543024
El Llamito S.A.,06-2024,IVA Ventas,0
El Marques S.A.,06-2024,IVA Ventas,4450098
Jofa S.A.,06-2024,IVA Ventas,0
L A R M Argentina Sociedad Anonima,06-2024,IVA Ventas,3235936
Liftvan International Company S A C,06-2024,IVA Ventas,36393999
Mercovan Argentina S.A.,06-2024,IVA Ventas,14665597
Nerococina S.A.,06-2024,IVA Ventas,269251
U-Bros S.A.,06-2024,IVA Ventas,2005150
Ulog S.A.,06-2024,IVA Ventas,263637
Unapa S.A.,06-2024,IVA Ventas,0
Unknown Company,06-2024,IVA Ventas,0
Viñas En Flor S. R. L.,06-2024,IVA Ventas,28502515
Winehaus S.A.,06-2024,IVA Ventas,431981
BA Comex S.A.,07-2024,IVA Ventas,261443
Deposito Avellaneda Sur S.A.,07-2024,IVA Ventas,95785528
Edelweiss Spedition Srl,07-2024,IVA Ventas,1225133
El Llamito S.A.,07-2024,IVA Ventas,38619000
El Marques S.A.,07-2024,IVA Ventas,3955462
Jofa S.A.,07-2024,IVA Ventas,0
L A R M Argentina Sociedad Anonima,07-2024,IVA Ventas,4158474
Liftvan International Company S A C,07-2024,IVA Ventas,15852827
Mercovan Argentina S.A.,07-2024,IVA Ventas,19555390
Nerococina S.A.,07-2024,IVA Ventas,3125955
Procnost S.A.,07-2024,IVA Ventas,0
U-Bros S.A.,07-2024,IVA Ventas,1446406
Ulog S.A.,07-2024,IVA Ventas,0
Unapa S.A.,07-2024,IVA Ventas,298452
Unknown Company,07-2024,IVA Ventas,0
Viñas En Flor S. R. L.,07-2024,IVA Ventas,14568592
Winehaus S.A.,07-2024,IVA Ventas,69854
BA Comex S.A.,06-2024,IVA Compras,123519
Deposito Avellaneda Sur S.A.,06-2024,IVA Compras,55906701
Edelweiss Spedition Srl,06-2024,IVA Compras,825167
El Llamito S.A.,06-2024,IVA Compras,0
El Marques S.A.,06-2024,IVA Compras,3230001
Jofa S.A.,06-2024,IVA Compras,17087298
L A R M Argentina Sociedad Anonima,06-2024,IVA Compras,1168594
Liftvan International Company S A C,06-2024,IVA Compras,15533254
Mercovan Argentina S.A.,06-2024,IVA Compras,8903143
Nerococina S.A.,06-2024,IVA Compras,694269
U-Bros S.A.,06-2024,IVA Compras,327578
Ulog S.A.,06-2024,IVA Compras,38276
Unapa S.A.,06-2024,IVA Compras,3446826
Unknown Company,06-2024,IVA Compras,0
Viñas En Flor S. R. L.,06-2024,IVA Compras,4306168
Winehaus S.A.,06-2024,IVA Compras,38020
BA Comex S.A.,07-2024,IVA Compras,109902
Deposito Avellaneda Sur S.A.,07-2024,IVA Compras,71844921
Edelweiss Spedition Srl,07-2024,IVA Compras,759511
El Llamito S.A.,07-2024,IVA Compras,578718
El Marques S.A.,07-2024,IVA Compras,1693431
Jofa S.A.,07-2024,IVA Compras,23902722
L A R M Argentina Sociedad Anonima,07-2024,IVA Compras,721399
Liftvan International Company S A C,07-2024,IVA Compras,14710714
Mercovan Argentina S.A.,07-2024,IVA Compras,8533722
Nerococina S.A.,07-2024,IVA Compras,974000
Procnost S.A.,07-2024,IVA Compras,0
U-Bros S.A.,07-2024,IVA Compras,351510
Ulog S.A.,07-2024,IVA Compras,11991
Unapa S.A.,07-2024,IVA Compras,2163084
Unknown Company,07-2024,IVA Compras,0
Viñas En Flor S. R. L.,07-2024,IVA Compras,7843713
Winehaus S.A.,07-2024,IVA Compras,94092
BA Comex S.A.,06-2024,Saldo IVA,-978107
Deposito Avellaneda Sur S.A.,06-2024,Saldo IVA,-12581139
Edelweiss Spedition Srl,06-2024,Saldo IVA,-2717857
El Llamito S.A.,06-2024,Saldo IVA,0
El Marques S.A.,06-2024,Saldo IVA,-1220097
Jofa S.A.,06-2024,Saldo IVA,0
L A R M Argentina Sociedad Anonima,06-2024,Saldo IVA,-2067342
Liftvan International Company S A C,06-2024,Saldo IVA,-20860745
Mercovan Argentina S.A.,06-2024,Saldo IVA,-5762454
Nerococina S.A.,06-2024,Saldo IVA,425018
U-Bros S.A.,06-2024,Saldo IVA,-1677572
Ulog S.A.,06-2024,Saldo IVA,-225361
Unapa S.A.,06-2024,Saldo IVA,0
Unknown Company,06-2024,Saldo IVA,0
Viñas En Flor S. R. L.,06-2024,Saldo IVA,-24196347
Winehaus S.A.,06-2024,Saldo IVA,-393961
BA Comex S.A.,07-2024,Saldo IVA,-151541
Deposito Avellaneda Sur S.A.,07-2024,Saldo IVA,-23940607
Edelweiss Spedition Srl,07-2024,Saldo IVA,-465622
El Llamito S.A.,07-2024,Saldo IVA,-38040282
El Marques S.A.,07-2024,Saldo IVA,-2262031
Jofa S.A.,07-2024,Saldo IVA,0
L A R M Argentina Sociedad Anonima,07-2024,Saldo IVA,-3437075
Liftvan International Company S A C,07-2024,Saldo IVA,-1142113
Mercovan Argentina S.A.,07-2024,Saldo IVA,-11021668
Nerococina S.A.,07-2024,Saldo IVA,-2151955
Procnost S.A.,07-2024,Saldo IVA,0
U-Bros S.A.,07-2024,Saldo IVA,-1094896
Ulog S.A.,07-2024,Saldo IVA,0
Unapa S.A.,07-2024,Saldo IVA,1864632
Unknown Company,07-2024,Saldo IVA,0
Viñas En Flor S. R. L.,07-2024,Saldo IVA,-6724879
Winehaus S.A.,07-2024,Saldo IVA,24238
BA Comex S.A.,06-2024,Ingresos Brutos,0
Deposito Avellaneda Sur S.A.,06-2024,Ingresos Brutos,15234217
Edelweiss Spedition Srl,06-2024,Ingresos Brutos,793638
El Llamito S.A.,06-2024,Ingresos Brutos,0
El Marques S.A.,06-2024,Ingresos Brutos,1055616
Jofa S.A.,06-2024,Ingresos Brutos,0
L A R M Argentina Sociedad Anonima,06-2024,Ingresos Brutos,1279223
Liftvan International Company S A C,06-2024,Ingresos Brutos,8073522
Mercovan Argentina S.A.,06-2024,Ingresos Brutos,4783283
Nerococina S.A.,06-2024,Ingresos Brutos,0
U-Bros S.A.,06-2024,Ingresos Brutos,360784
Ulog S.A.,06-2024,Ingresos Brutos,22460
Unapa S.A.,06-2024,Ingresos Brutos,0
Unknown Company,06-2024,Ingresos Brutos,0
Viñas En Flor S. R. L.,06-2024,Ingresos Brutos,6107726
Winehaus S.A.,06-2024,Ingresos Brutos,0
BA Comex S.A.,07-2024,Ingresos Brutos,0
Deposito Avellaneda Sur S.A.,07-2024,Ingresos Brutos,21206285
Edelweiss Spedition Srl,07-2024,Ingresos Brutos,315163
El Llamito S.A.,07-2024,Ingresos Brutos,9195000
El Marques S.A.,07-2024,Ingresos Brutos,938283
Jofa S.A.,07-2024,Ingresos Brutos,0
L A R M Argentina Sociedad Anonima,07-2024,Ingresos Brutos,1248866
Liftvan International Company S A C,07-2024,Ingresos Brutos,4921390
Mercovan Argentina S.A.,07-2024,Ingresos Brutos,4963175
Nerococina S.A.,07-2024,Ingresos Brutos,0
Procnost S.A.,07-2024,Ingresos Brutos,0
U-Bros S.A.,07-2024,Ingresos Brutos,260250
Ulog S.A.,07-2024,Ingresos Brutos,0
Unapa S.A.,07-2024,Ingresos Brutos,0
Unknown Company,07-2024,Ingresos Brutos,0
Viñas En Flor S. R. L.,07-2024,Ingresos Brutos,3121916
Winehaus S.A.,07-2024,Ingresos Brutos,0
BA Comex S.A.,06-2024,Cargas Sociales,439624
Deposito Avellaneda Sur S.A.,06-2024,Cargas Sociales,14953557
Edelweiss Spedition Srl,06-2024,Cargas Sociales,0
El Llamito S.A.,06-2024,Cargas Sociales,0
El Marques S.A.,06-2024,Cargas Sociales,0
Jofa S.A.,06-2024,Cargas Sociales,7549014
L A R M Argentina Sociedad Anonima,06-2024,Cargas Sociales,3519991
Liftvan International Company S A C,06-2024,Cargas Sociales,20809306
Mercovan Argentina S.A.,06-2024,Cargas Sociales,16494710
Nerococina S.A.,06-2024,Cargas Sociales,156141
U-Bros S.A.,06-2024,Cargas Sociales,723522
Ulog S.A.,06-2024,Cargas Sociales,197088
Unapa S.A.,06-2024,Cargas Sociales,1024620
Unknown Company,06-2024,Cargas Sociales,0
Viñas En Flor S. R. L.,06-2024,Cargas Sociales,6345013
Winehaus S.A.,06-2024,Cargas Sociales,40544
BA Comex S.A.,07-2024,Cargas Sociales,563667
Deposito Avellaneda Sur S.A.,07-2024,Cargas Sociales,21046163
Edelweiss Spedition Srl,07-2024,Cargas Sociales,0
El Llamito S.A.,07-2024,Cargas Sociales,0
El Marques S.A.,07-2024,Cargas Sociales,0
Jofa S.A.,07-2024,Cargas Sociales,10046014
L A R M Argentina Sociedad Anonima,07-2024,Cargas Sociales,4623089
Liftvan International Company S A C,07-2024,Cargas Sociales,25343391
Mercovan Argentina S.A.,07-2024,Cargas Sociales,24084162
Nerococina S.A.,07-2024,Cargas Sociales,156141
Procnost S.A.,07-2024,Cargas Sociales,1460
U-Bros S.A.,07-2024,Cargas Sociales,726743
Ulog S.A.,07-2024,Cargas Sociales,197088
Unapa S.A.,07-2024,Cargas Sociales,1541194
Unknown Company,07-2024,Cargas Sociales,0
Viñas En Flor S. R. L.,07-2024,Cargas Sociales,8607116
Winehaus S.A.,07-2024,Cargas Sociales,40544
BA Comex S.A.,06-2024,Deuda Total,732173
Deposito Avellaneda Sur S.A.,06-2024,Deuda Total,0
Edelweiss Spedition Srl,06-2024,Deuda Total,0
El Llamito S.A.,06-2024,Deuda Total,0
El Marques S.A.,06-2024,Deuda Total,0
Jofa S.A.,06-2024,Deuda Total,32572196
L A R M Argentina Sociedad Anonima,06-2024,Deuda Total,1848
Liftvan International Company S A C,06-2024,Deuda Total,1848
Mercovan Argentina S.A.,06-2024,Deuda Total,0
Nerococina S.A.,06-2024,Deuda Total,0
U-Bros S.A.,06-2024,Deuda Total,0
Ulog S.A.,06-2024,Deuda Total,397880
Unapa S.A.,06-2024,Deuda Total,1149483
Unknown Company,06-2024,Deuda Total,0
Viñas En Flor S. R. L.,06-2024,Deuda Total,25725722
Winehaus S.A.,06-2024,Deuda Total,1940501
BA Comex S.A.,07-2024,Deuda Total,0
Deposito Avellaneda Sur S.A.,07-2024,Deuda Total,4045292
Edelweiss Spedition Srl,07-2024,Deuda Total,705
El Llamito S.A.,07-2024,Deuda Total,6463935
El Marques S.A.,07-2024,Deuda Total,0
Jofa S.A.,07-2024,Deuda Total,32234653
L A R M Argentina Sociedad Anonima,07-2024,Deuda Total,1848
Liftvan International Company S A C,07-2024,Deuda Total,0
Mercovan Argentina S.A.,07-2024,Deuda Total,0
Nerococina S.A.,07-2024,Deuda Total,1153427
Procnost S.A.,07-2024,Deuda Total,220
U-Bros S.A.,07-2024,Deuda Total,0
Ulog S.A.,07-2024,Deuda Total,0
Unapa S.A.,07-2024,Deuda Total,1986145
Unknown Company,07-2024,Deuda Total,0
Viñas En Flor S. R. L.,07-2024,Deuda Total,49415181
Winehaus S.A.,07-2024,Deuda Total,1940501
BA Comex S.A.,08-2024,Ventas Netas,5245855
Deposito Avellaneda Sur S.A.,08-2024,Ventas Netas,329737827
Edelweiss Spedition Srl,08-2024,Ventas Netas,25257605
El Llamito S.A.,08-2024,Ventas Netas,14370000
El Marques S.A.,08-2024,Ventas Netas,21190951
Jofa S.A.,08-2024,Ventas Netas,0
L A R M Argentina Sociedad Anonima,08-2024,Ventas Netas,35002628
Liftvan International Company S A C,08-2024,Ventas Netas,260837557
Mercovan Argentina S.A.,08-2024,Ventas Netas,141080650
Nerococina S.A.,08-2024,Ventas Netas,1282150
U-Bros S.A.,08-2024,Ventas Netas,9548340
Ulog S.A.,08-2024,Ventas Netas,1255418
Unapa S.A.,08-2024,Ventas Netas,0
Unknown Company,08-2024,Ventas Netas,0
Viñas En Flor S. R. L.,08-2024,Ventas Netas,135727257
Winehaus S.A.,08-2024,Ventas Netas,2057053
BA Comex S.A.,08-2024,IVA Ventas,1101626
Deposito Avellaneda Sur S.A.,08-2024,IVA Ventas,68487840
Edelweiss Spedition Srl,08-2024,IVA Ventas,3543024
El Llamito S.A.,08-2024,IVA Ventas,3017700
El Marques S.A.,08-2024,IVA Ventas,4450098
Jofa S.A.,08-2024,IVA Ventas,0
L A R M Argentina Sociedad Anonima,08-2024,IVA Ventas,3235936
Liftvan International Company S A C,08-2024,IVA Ventas,36393999
Mercovan Argentina S.A.,08-2024,IVA Ventas,14665597
Nerococina S.A.,08-2024,IVA Ventas,269251
U-Bros S.A.,08-2024,IVA Ventas,2005150
Ulog S.A.,08-2024,IVA Ventas,263637
Unapa S.A.,08-2024,IVA Ventas,0
Unknown Company,08-2024,IVA Ventas,0
Viñas En Flor S. R. L.,08-2024,IVA Ventas,28502515
Winehaus S.A.,08-2024,IVA Ventas,431981
BA Comex S.A.,08-2024,IVA Compras,123519
Deposito Avellaneda Sur S.A.,08-2024,IVA Compras,58927789
Edelweiss Spedition Srl,08-2024,IVA Compras,825167
El Llamito S.A.,08-2024,IVA Compras,0
El Marques S.A.,08-2024,IVA Compras,3230001
Jofa S.A.,08-2024,IVA Compras,17087298
L A R M Argentina Sociedad Anonima,08-2024,IVA Compras,1168594
Liftvan International Company S A C,08-2024,IVA Compras,15648921
Mercovan Argentina S.A.,08-2024,IVA Compras,8908336
Nerococina S.A.,08-2024,IVA Compras,694269
U-Bros S.A.,08-2024,IVA Compras,327578
Ulog S.A.,08-2024,IVA Compras,38276
Unapa S.A.,08-2024,IVA Compras,3455939
Unknown Company,08-2024,IVA Compras,0
Viñas En Flor S. R. L.,08-2024,IVA Compras,4264507
Winehaus S.A.,08-2024,IVA Compras,38020
BA Comex S.A.,08-2024,Saldo IVA,-978107
Deposito Avellaneda Sur S.A.,08-2024,Saldo IVA,-9560051
Edelweiss Spedition Srl,08-2024,Saldo IVA,-2717857
El Llamito S.A.,08-2024,Saldo IVA,-3017700
El Marques S.A.,08-2024,Saldo IVA,-1220097
Jofa S.A.,08-2024,Saldo IVA,0
L A R M Argentina Sociedad Anonima,08-2024,Saldo IVA,-2067342
Liftvan International Company S A C,08-2024,Saldo IVA,-20745078
Mercovan Argentina S.A.,08-2024,Saldo IVA,-5757261
Nerococina S.A.,08-2024,Saldo IVA,425018
U-Bros S.A.,08-2024,Saldo IVA,-1677572
Ulog S.A.,08-2024,Saldo IVA,-225361
Unapa S.A.,08-2024,Saldo IVA,0
Unknown Company,08-2024,Saldo IVA,0
Viñas En Flor S. R. L.,08-2024,Saldo IVA,-24238008
Winehaus S.A.,08-2024,Saldo IVA,-393961
BA Comex S.A.,08-2024,Ingresos Brutos,0
Deposito Avellaneda Sur S.A.,08-2024,Ingresos Brutos,15234217
Edelweiss Spedition Srl,08-2024,Ingresos Brutos,793638
El Llamito S.A.,08-2024,Ingresos Brutos,718500
El Marques S.A.,08-2024,Ingresos Brutos,1055616
Jofa S.A.,08-2024,Ingresos Brutos,0
L A R M Argentina Sociedad Anonima,08-2024,Ingresos Brutos,1279223
Liftvan International Company S A C,08-2024,Ingresos Brutos,8073522
Mercovan Argentina S.A.,08-2024,Ingresos Brutos,4783283
Nerococina S.A.,08-2024,Ingresos Brutos,0
U-Bros S.A.,08-2024,Ingresos Brutos,360784
Ulog S.A.,08-2024,Ingresos Brutos,22460
Unapa S.A.,08-2024,Ingresos Brutos,0
Unknown Company,08-2024,Ingresos Brutos,0
Viñas En Flor S. R. L.,08-2024,Ingresos Brutos,6107726
Winehaus S.A.,08-2024,Ingresos Brutos,0
BA Comex S.A.,08-2024,Cargas Sociales,439624
Deposito Avellaneda Sur S.A.,08-2024,Cargas Sociales,14953557
Edelweiss Spedition Srl,08-2024,Cargas Sociales,0
El Llamito S.A.,08-2024,Cargas Sociales,0
El Marques S.A.,08-2024,Cargas Sociales,0
Jofa S.A.,08-2024,Cargas Sociales,7549014
L A R M Argentina Sociedad Anonima,08-2024,Cargas Sociales,3519991
Liftvan International Company S A C,08-2024,Cargas Sociales,20809306
Mercovan Argentina S.A.,08-2024,Cargas Sociales,16494710
Nerococina S.A.,08-2024,Cargas Sociales,156141
U-Bros S.A.,08-2024,Cargas Sociales,723522
Ulog S.A.,08-2024,Cargas Sociales,197088
Unapa S.A.,08-2024,Cargas Sociales,1024620
Unknown Company,08-2024,Cargas Sociales,0
Viñas En Flor S. R. L.,08-2024,Cargas Sociales,6345013
Winehaus S.A.,08-2024,Cargas Sociales,40544
BA Comex S.A.,08-2024,Deuda Total,772835
Deposito Avellaneda Sur S.A.,08-2024,Deuda Total,0
Edelweiss Spedition Srl,08-2024,Deuda Total,0
El Llamito S.A.,08-2024,Deuda Total,0
El Marques S.A.,08-2024,Deuda Total,0
Jofa S.A.,08-2024,Deuda Total,37127869
L A R M Argentina Sociedad Anonima,08-2024,Deuda Total,1848
Liftvan International Company S A C,08-2024,Deuda Total,1848
Mercovan Argentina S.A.,08-2024,Deuda Total,0
Nerococina S.A.,08-2024,Deuda Total,0
U-Bros S.A.,08-2024,Deuda Total,0
Ulog S.A.,08-2024,Deuda Total,497616
Unapa S.A.,08-2024,Deuda Total,2236873
Unknown Company,08-2024,Deuda Total,0
Viñas En Flor S. R. L.,08-2024,Deuda Total,42272515
Winehaus S.A.,08-2024,Deuda Total,1940501
BA Comex S.A.,09-2024,Ventas Netas,5245855
Deposito Avellaneda Sur S.A.,09-2024,Ventas Netas,329737827
Edelweiss Spedition Srl,09-2024,Ventas Netas,25257605
El Llamito S.A.,09-2024,Ventas Netas,14370000
El Marques S.A.,09-2024,Ventas Netas,21190951
Jofa S.A.,09-2024,Ventas Netas,0
L A R M Argentina Sociedad Anonima,09-2024,Ventas Netas,35002628
Liftvan International Company S A C,09-2024,Ventas Netas,260837557
Mercovan Argentina S.A.,09-2024,Ventas Netas,141080650
Nerococina S.A.,09-2024,Ventas Netas,1282150
Procnost S.A.,09-2024,Ventas Netas,0
U-Bros S.A.,09-2024,Ventas Netas,9548340
Ulog S.A.,09-2024,Ventas Netas,1255418
Unapa S.A.,09-2024,Ventas Netas,0
Unknown Company,09-2024,Ventas Netas,0
Viñas En Flor S. R. L.,09-2024,Ventas Netas,135727257
Winehaus S.A.,09-2024,Ventas Netas,2057053
BA Comex S.A.,09-2024,IVA Ventas,1101626
Deposito Avellaneda Sur S.A.,09-2024,IVA Ventas,68487840
Edelweiss Spedition Srl,09-2024,IVA Ventas,3543024
El Llamito S.A.,09-2024,IVA Ventas,3017700
El Marques S.A.,09-2024,IVA Ventas,4450098
Jofa S.A.,09-2024,IVA Ventas,0
L A R M Argentina Sociedad Anonima,09-2024,IVA Ventas,3235936
Liftvan International Company S A C,09-2024,IVA Ventas,36393999
Mercovan Argentina S.A.,09-2024,IVA Ventas,14665597
Nerococina S.A.,09-2024,IVA Ventas,269251
Procnost S.A.,09-2024,IVA Ventas,0
U-Bros S.A.,09-2024,IVA Ventas,2005150
Ulog S.A.,09-2024,IVA Ventas,263637
Unapa S.A.,09-2024,IVA Ventas,0
Unknown Company,09-2024,IVA Ventas,0
Viñas En Flor S. R. L.,09-2024,IVA Ventas,28502515
Winehaus S.A.,09-2024,IVA Ventas,431981
BA Comex S.A.,09-2024,IVA Compras,123519
Deposito Avellaneda Sur S.A.,09-2024,IVA Compras,58927789
Edelweiss Spedition Srl,09-2024,IVA Compras,825167
El Llamito S.A.,09-2024,IVA Compras,0
El Marques S.A.,09-2024,IVA Compras,3230001
Jofa S.A.,09-2024,IVA Compras,17087298
L A R M Argentina Sociedad Anonima,09-2024,IVA Compras,1168594
Liftvan International Company S A C,09-2024,IVA Compras,15648921
Mercovan Argentina S.A.,09-2024,IVA Compras,8908336
Nerococina S.A.,09-2024,IVA Compras,694269
Procnost S.A.,09-2024,IVA Compras,0
U-Bros S.A.,09-2024,IVA Compras,327578
Ulog S.A.,09-2024,IVA Compras,38276
Unapa S.A.,09-2024,IVA Compras,3455939
Unknown Company,09-2024,IVA Compras,0
Viñas En Flor S. R. L.,09-2024,IVA Compras,4264507
Winehaus S.A.,09-2024,IVA Compras,38020
BA Comex S.A.,09-2024,Saldo IVA,-978107
Deposito Avellaneda Sur S.A.,09-2024,Saldo IVA,-9560051
Edelweiss Spedition Srl,09-2024,Saldo IVA,-2717857
El Llamito S.A.,09-2024,Saldo IVA,-3017700
El Marques S.A.,09-2024,Saldo IVA,-1220097
Jofa S.A.,09-2024,Saldo IVA,0
L A R M Argentina Sociedad Anonima,09-2024,Saldo IVA,-2067342
Liftvan International Company S A C,09-2024,Saldo IVA,-20745078
Mercovan Argentina S.A.,09-2024,Saldo IVA,-5757261
Nerococina S.A.,09-2024,Saldo IVA,425018
Procnost S.A.,09-2024,Saldo IVA,0
U-Bros S.A.,09-2024,Saldo IVA,-1677572
Ulog S.A.,09-2024,Saldo IVA,-225361
Unapa S.A.,09-2024,Saldo IVA,0
Unknown Company,09-2024,Saldo IVA,0
Viñas En Flor S. R. L.,09-2024,Saldo IVA,-24238008
Winehaus S.A.,09-2024,Saldo IVA,-393961
BA Comex S.A.,09-2024,Ingresos Brutos,0
Deposito Avellaneda Sur S.A.,09-2024,Ingresos Brutos,15234217
Edelweiss Spedition Srl,09-2024,Ingresos Brutos,793638
El Llamito S.A.,09-2024,Ingresos Brutos,718500
El Marques S.A.,09-2024,Ingresos Brutos,1055616
Jofa S.A.,09-2024,Ingresos Brutos,0
L A R M Argentina Sociedad Anonima,09-2024,Ingresos Brutos,1279223
Liftvan International Company S A C,09-2024,Ingresos Brutos,8073522
Mercovan Argentina S.A.,09-2024,Ingresos Brutos,4783283
Nerococina S.A.,09-2024,Ingresos Brutos,0
Procnost S.A.,09-2024,Ingresos Brutos,0
U-Bros S.A.,09-2024,Ingresos Brutos,360784
Ulog S.A.,09-2024,Ingresos Brutos,22460
Unapa S.A.,09-2024,Ingresos Brutos,0
Unknown Company,09-2024,Ingresos Brutos,0
Viñas En Flor S. R. L.,09-2024,Ingresos Brutos,6107726
Winehaus S.A.,09-2024,Ingresos Brutos,0
BA Comex S.A.,09-2024,Cargas Sociales,439624
Deposito Avellaneda Sur S.A.,09-2024,Cargas Sociales,14953557
Edelweiss Spedition Srl,09-2024,Cargas Sociales,0
El Llamito S.A.,09-2024,Cargas Sociales,0
El Marques S.A.,09-2024,Cargas Sociales,0
Jofa S.A.,09-2024,Cargas Sociales,7549014
L A R M Argentina Sociedad Anonima,09-2024,Cargas Sociales,3519991
Liftvan International Company S A C,09-2024,Cargas Sociales,20809306
Mercovan Argentina S.A.,09-2024,Cargas Sociales,16494710
Nerococina S.A.,09-2024,Cargas Sociales,156141
Procnost S.A.,09-2024,Cargas Sociales,0
U-Bros S.A.,09-2024,Cargas Sociales,723522
Ulog S.A.,09-2024,Cargas Sociales,197088
Unapa S.A.,09-2024,Cargas Sociales,1024620
Unknown Company,09-2024,Cargas Sociales,0
Viñas En Flor S. R. L.,09-2024,Cargas Sociales,6345013
Winehaus S.A.,09-2024,Cargas Sociales,40544
BA Comex S.A.,09-2024,Deuda Total,813497
Deposito Avellaneda Sur S.A.,09-2024,Deuda Total,0
Edelweiss Spedition Srl,09-2024,Deuda Total,0
El Llamito S.A.,09-2024,Deuda Total,0
El Marques S.A.,09-2024,Deuda Total,131716
Jofa S.A.,09-2024,Deuda Total,42891616
L A R M Argentina Sociedad Anonima,09-2024,Deuda Total,1848
Liftvan International Company S A C,09-2024,Deuda Total,1848
Mercovan Argentina S.A.,09-2024,Deuda Total,0
Nerococina S.A.,09-2024,Deuda Total,0
Procnost S.A.,09-2024,Deuda Total,0
U-Bros S.A.,09-2024,Deuda Total,0
Ulog S.A.,09-2024,Deuda Total,597352
Unapa S.A.,09-2024,Deuda Total,4406011
Unknown Company,09-2024,Deuda Total,0
Viñas En Flor S. R. L.,09-2024,Deuda Total,47437716
Winehaus S.A.,09-2024,Deuda Total,1940501
BA Comex S.A.,10-2024,Ventas Netas,3965957
Deposito Avellaneda Sur S.A.,10-2024,Ventas Netas,444334150
Edelweiss Spedition Srl,10-2024,Ventas Netas,42570609
El Llamito S.A.,10-2024,Ventas Netas,0
El Marques S.A.,10-2024,Ventas Netas,22281985
Jofa S.A.,10-2024,Ventas Netas,0
L A R M Argentina Sociedad Anonima,10-2024,Ventas Netas,29409856
Liftvan International Company S A C,10-2024,Ventas Netas,208883004
Mercovan Argentina S.A.,10-2024,Ventas Netas,163316232
Nerococina S.A.,10-2024,Ventas Netas,17413980
U-Bros S.A.,10-2024,Ventas Netas,7961271
Ulog S.A.,10-2024,Ventas Netas,0
Unapa S.A.,10-2024,Ventas Netas,1370200
Unknown Company,10-2024,Ventas Netas,0
Viñas En Flor S. R. L.,10-2024,Ventas Netas,66925624
Winehaus S.A.,10-2024,Ventas Netas,0
BA Comex S.A.,10-2024,IVA Ventas,832849
Deposito Avellaneda Sur S.A.,10-2024,IVA Ventas,92298676
Edelweiss Spedition Srl,10-2024,IVA Ventas,6415262
El Llamito S.A.,10-2024,IVA Ventas,0
El Marques S.A.,10-2024,IVA Ventas,4679215
Jofa S.A.,10-2024,IVA Ventas,0
L A R M Argentina Sociedad Anonima,10-2024,IVA Ventas,3765548
Liftvan International Company S A C,10-2024,IVA Ventas,32359248
Mercovan Argentina S.A.,10-2024,IVA Ventas,25436932
Nerococina S.A.,10-2024,IVA Ventas,3656935
U-Bros S.A.,10-2024,IVA Ventas,1671866
Ulog S.A.,10-2024,IVA Ventas,0
Unapa S.A.,10-2024,IVA Ventas,287742
Unknown Company,10-2024,IVA Ventas,0
Viñas En Flor S. R. L.,10-2024,IVA Ventas,14054100
Winehaus S.A.,10-2024,IVA Ventas,0
BA Comex S.A.,10-2024,IVA Compras,620073
Deposito Avellaneda Sur S.A.,10-2024,IVA Compras,56624648
Edelweiss Spedition Srl,10-2024,IVA Compras,1041519
El Llamito S.A.,10-2024,IVA Compras,0
El Marques S.A.,10-2024,IVA Compras,2907115
Jofa S.A.,10-2024,IVA Compras,23706573
L A R M Argentina Sociedad Anonima,10-2024,IVA Compras,801555
Liftvan International Company S A C,10-2024,IVA Compras,25969363
Mercovan Argentina S.A.,10-2024,IVA Compras,8228995
Nerococina S.A.,10-2024,IVA Compras,826165
U-Bros S.A.,10-2024,IVA Compras,235786
Ulog S.A.,10-2024,IVA Compras,26680
Unapa S.A.,10-2024,IVA Compras,616803
Unknown Company,10-2024,IVA Compras,0
Viñas En Flor S. R. L.,10-2024,IVA Compras,3687604
Winehaus S.A.,10-2024,IVA Compras,17554
BA Comex S.A.,10-2024,Saldo IVA,-212776
Deposito Avellaneda Sur S.A.,10-2024,Saldo IVA,-35674028
Edelweiss Spedition Srl,10-2024,Saldo IVA,-5373743
El Llamito S.A.,10-2024,Saldo IVA,0
El Marques S.A.,10-2024,Saldo IVA,-1772100
Jofa S.A.,10-2024,Saldo IVA,0
L A R M Argentina Sociedad Anonima,10-2024,Saldo IVA,-2963993
Liftvan International Company S A C,10-2024,Saldo IVA,-6389885
Mercovan Argentina S.A.,10-2024,Saldo IVA,-17207937
Nerococina S.A.,10-2024,Saldo IVA,-2830770
U-Bros S.A.,10-2024,Saldo IVA,-1436080
Ulog S.A.,10-2024,Saldo IVA,0
Unapa S.A.,10-2024,Saldo IVA,329061
Unknown Company,10-2024,Saldo IVA,0
Viñas En Flor S. R. L.,10-2024,Saldo IVA,-10366496
Winehaus S.A.,10-2024,Saldo IVA,17554
BA Comex S.A.,10-2024,Ingresos Brutos,0
Deposito Avellaneda Sur S.A.,10-2024,Ingresos Brutos,20528682
Edelweiss Spedition Srl,10-2024,Ingresos Brutos,1337643
El Llamito S.A.,10-2024,Ingresos Brutos,0
El Marques S.A.,10-2024,Ingresos Brutos,1109965
Jofa S.A.,10-2024,Ingresos Brutos,0
L A R M Argentina Sociedad Anonima,10-2024,Ingresos Brutos,1074827
Liftvan International Company S A C,10-2024,Ingresos Brutos,6465409
Mercovan Argentina S.A.,10-2024,Ingresos Brutos,5537171
Nerococina S.A.,10-2024,Ingresos Brutos,0
U-Bros S.A.,10-2024,Ingresos Brutos,300816
Ulog S.A.,10-2024,Ingresos Brutos,0
Unapa S.A.,10-2024,Ingresos Brutos,0
Unknown Company,10-2024,Ingresos Brutos,0
Viñas En Flor S. R. L.,10-2024,Ingresos Brutos,3011653
Winehaus S.A.,10-2024,Ingresos Brutos,0
BA Comex S.A.,10-2024,Cargas Sociales,439624
Deposito Avellaneda Sur S.A.,10-2024,Cargas Sociales,19166692
Edelweiss Spedition Srl,10-2024,Cargas Sociales,0
El Llamito S.A.,10-2024,Cargas Sociales,0
El Marques S.A.,10-2024,Cargas Sociales,0
Jofa S.A.,10-2024,Cargas Sociales,7741310
L A R M Argentina Sociedad Anonima,10-2024,Cargas Sociales,3935043
Liftvan International Company S A C,10-2024,Cargas Sociales,24697946
Mercovan Argentina S.A.,10-2024,Cargas Sociales,18572356
Nerococina S.A.,10-2024,Cargas Sociales,156141
U-Bros S.A.,10-2024,Cargas Sociales,728898
Ulog S.A.,10-2024,Cargas Sociales,197088
Unapa S.A.,10-2024,Cargas Sociales,1117388
Unknown Company,10-2024,Cargas Sociales,0
Viñas En Flor S. R. L.,10-2024,Cargas Sociales,6912119
Winehaus S.A.,10-2024,Cargas Sociales,40544
BA Comex S.A.,10-2024,Deuda Total,854159
Deposito Avellaneda Sur S.A.,10-2024,Deuda Total,0
Edelweiss Spedition Srl,10-2024,Deuda Total,0
El Llamito S.A.,10-2024,Deuda Total,1680245
El Marques S.A.,10-2024,Deuda Total,0
Jofa S.A.,10-2024,Deuda Total,38449722
L A R M Argentina Sociedad Anonima,10-2024,Deuda Total,1848
Liftvan International Company S A C,10-2024,Deuda Total,0
Mercovan Argentina S.A.,10-2024,Deuda Total,0
Nerococina S.A.,10-2024,Deuda Total,0
U-Bros S.A.,10-2024,Deuda Total,1387426
Ulog S.A.,10-2024,Deuda Total,99736
Unapa S.A.,10-2024,Deuda Total,3894078
Unknown Company,10-2024,Deuda Total,0
Viñas En Flor S. R. L.,10-2024,Deuda Total,25676488
Winehaus S.A.,10-2024,Deuda Total,1868694
BA Comex S.A.,11-2024,Ventas Netas,13815050
Deposito Avellaneda Sur S.A.,11-2024,Ventas Netas,323662418
Edelweiss Spedition Srl,11-2024,Ventas Netas,22921372
El Llamito S.A.,11-2024,Ventas Netas,30202500
El Marques S.A.,11-2024,Ventas Netas,23354508
Jofa S.A.,11-2024,Ventas Netas,0
L A R M Argentina Sociedad Anonima,11-2024,Ventas Netas,25782342
Liftvan International Company S A C,11-2024,Ventas Netas,436028719
Mercovan Argentina S.A.,11-2024,Ventas Netas,117864789
Nerococina S.A.,11-2024,Ventas Netas,23740555
U-Bros S.A.,11-2024,Ventas Netas,9734272
Ulog S.A.,11-2024,Ventas Netas,19139574
Unapa S.A.,11-2024,Ventas Netas,0
Unknown Company,11-2024,Ventas Netas,0
Viñas En Flor S. R. L.,11-2024,Ventas Netas,75486069
Winehaus S.A.,11-2024,Ventas Netas,0
BA Comex S.A.,11-2024,IVA Ventas,2901152
Deposito Avellaneda Sur S.A.,11-2024,IVA Ventas,65663866
Edelweiss Spedition Srl,11-2024,IVA Ventas,3364279
El Llamito S.A.,11-2024,IVA Ventas,6342525
El Marques S.A.,11-2024,IVA Ventas,4904446
Jofa S.A.,11-2024,IVA Ventas,0
L A R M Argentina Sociedad Anonima,11-2024,IVA Ventas,3044264
Liftvan International Company S A C,11-2024,IVA Ventas,55295439
Mercovan Argentina S.A.,11-2024,IVA Ventas,11254936
Nerococina S.A.,11-2024,IVA Ventas,4985516
U-Bros S.A.,11-2024,IVA Ventas,2044196
Ulog S.A.,11-2024,IVA Ventas,4019304
Unapa S.A.,11-2024,IVA Ventas,0
Unknown Company,11-2024,IVA Ventas,0
Viñas En Flor S. R. L.,11-2024,IVA Ventas,15851761
Winehaus S.A.,11-2024,IVA Ventas,0
BA Comex S.A.,11-2024,IVA Compras,1436983
Deposito Avellaneda Sur S.A.,11-2024,IVA Compras,71959736
Edelweiss Spedition Srl,11-2024,IVA Compras,743926
El Llamito S.A.,11-2024,IVA Compras,0
El Marques S.A.,11-2024,IVA Compras,1162741
Jofa S.A.,11-2024,IVA Compras,27777000
L A R M Argentina Sociedad Anonima,11-2024,IVA Compras,1715535
Liftvan International Company S A C,11-2024,IVA Compras,26334047
Mercovan Argentina S.A.,11-2024,IVA Compras,7606186
Nerococina S.A.,11-2024,IVA Compras,686540
U-Bros S.A.,11-2024,IVA Compras,414037
Ulog S.A.,11-2024,IVA Compras,79174
Unapa S.A.,11-2024,IVA Compras,6342177
Unknown Company,11-2024,IVA Compras,0
Viñas En Flor S. R. L.,11-2024,IVA Compras,6961703
Winehaus S.A.,11-2024,IVA Compras,20490
BA Comex S.A.,11-2024,Saldo IVA,-1464169
Deposito Avellaneda Sur S.A.,11-2024,Saldo IVA,6295870
Edelweiss Spedition Srl,11-2024,Saldo IVA,-2620353
El Llamito S.A.,11-2024,Saldo IVA,0
El Marques S.A.,11-2024,Saldo IVA,-3741705
Jofa S.A.,11-2024,Saldo IVA,0
L A R M Argentina Sociedad Anonima,11-2024,Saldo IVA,-1328729
Liftvan International Company S A C,11-2024,Saldo IVA,-28961392
Mercovan Argentina S.A.,11-2024,Saldo IVA,-3648750
Nerococina S.A.,11-2024,Saldo IVA,-4298976
U-Bros S.A.,11-2024,Saldo IVA,-1630159
Ulog S.A.,11-2024,Saldo IVA,-3940130
Unapa S.A.,11-2024,Saldo IVA,0
Unknown Company,11-2024,Saldo IVA,0
Viñas En Flor S. R. L.,11-2024,Saldo IVA,-8890058
Winehaus S.A.,11-2024,Saldo IVA,0
BA Comex S.A.,11-2024,Ingresos Brutos,0
Deposito Avellaneda Sur S.A.,11-2024,Ingresos Brutos,14953527
Edelweiss Spedition Srl,11-2024,Ingresos Brutos,720229
El Llamito S.A.,11-2024,Ingresos Brutos,1510125
El Marques S.A.,11-2024,Ingresos Brutos,1163393
Jofa S.A.,11-2024,Ingresos Brutos,0
L A R M Argentina Sociedad Anonima,11-2024,Ingresos Brutos,942254
Liftvan International Company S A C,11-2024,Ingresos Brutos,13496091
Mercovan Argentina S.A.,11-2024,Ingresos Brutos,3996158
Nerococina S.A.,11-2024,Ingresos Brutos,0
U-Bros S.A.,11-2024,Ingresos Brutos,367809
Ulog S.A.,11-2024,Ingresos Brutos,342426
Unapa S.A.,11-2024,Ingresos Brutos,0
Unknown Company,11-2024,Ingresos Brutos,0
Viñas En Flor S. R. L.,11-2024,Ingresos Brutos,3396873
Winehaus S.A.,11-2024,Ingresos Brutos,0
BA Comex S.A.,11-2024,Cargas Sociales,1104600
Deposito Avellaneda Sur S.A.,11-2024,Cargas Sociales,19217825
Edelweiss Spedition Srl,11-2024,Cargas Sociales,0
El Llamito S.A.,11-2024,Cargas Sociales,0
El Marques S.A.,11-2024,Cargas Sociales,0
Jofa S.A.,11-2024,Cargas Sociales,8593910
L A R M Argentina Sociedad Anonima,11-2024,Cargas Sociales,4232280
Liftvan International Company S A C,11-2024,Cargas Sociales,23568294
Mercovan Argentina S.A.,11-2024,Cargas Sociales,19537420
Nerococina S.A.,11-2024,Cargas Sociales,156141
U-Bros S.A.,11-2024,Cargas Sociales,778179
Ulog S.A.,11-2024,Cargas Sociales,197088
Unapa S.A.,11-2024,Cargas Sociales,348556
Unknown Company,11-2024,Cargas Sociales,0
Viñas En Flor S. R. L.,11-2024,Cargas Sociales,7297286
Winehaus S.A.,11-2024,Cargas Sociales,40544
BA Comex S.A.,11-2024,Deuda Total,2309726
Deposito Avellaneda Sur S.A.,11-2024,Deuda Total,0
Edelweiss Spedition Srl,11-2024,Deuda Total,0
El Llamito S.A.,11-2024,Deuda Total,3360490
El Marques S.A.,11-2024,Deuda Total,0
Jofa S.A.,11-2024,Deuda Total,36582420
L A R M Argentina Sociedad Anonima,11-2024,Deuda Total,1848
Liftvan International Company S A C,11-2024,Deuda Total,1848
Mercovan Argentina S.A.,11-2024,Deuda Total,0
Nerococina S.A.,11-2024,Deuda Total,0
U-Bros S.A.,11-2024,Deuda Total,0
Ulog S.A.,11-2024,Deuda Total,199472
Unapa S.A.,11-2024,Deuda Total,21289
Unknown Company,11-2024,Deuda Total,0
Viñas En Flor S. R. L.,11-2024,Deuda Total,7968138
Winehaus S.A.,11-2024,Deuda Total,1868694
BA Comex S.A.,02-2025,Ventas Netas,16700137
Deposito Avellaneda Sur S.A.,02-2025,Ventas Netas,435472650
Edelweiss Spedition Srl,02-2025,Ventas Netas,31633208
El Llamito S.A.,02-2025,Ventas Netas,0
El Marques S.A.,02-2025,Ventas Netas,24387864
Jofa S.A.,02-2025,Ventas Netas,0
L A R M Argentina Sociedad Anonima,02-2025,Ventas Netas,35674262
Liftvan International Company S A C,02-2025,Ventas Netas,561244209
Mercovan Argentina S.A.,02-2025,Ventas Netas,224651168
Nerococina S.A.,02-2025,Ventas Netas,1800000
U-Bros S.A.,02-2025,Ventas Netas,14862136
Ulog S.A.,02-2025,Ventas Netas,0
Unapa S.A.,02-2025,Ventas Netas,0
Unknown Company,02-2025,Ventas Netas,0
Viñas En Flor S. R. L.,02-2025,Ventas Netas,64786278
Winehaus S.A.,02-2025,Ventas Netas,0
BA Comex S.A.,02-2025,IVA Ventas,3507018
Deposito Avellaneda Sur S.A.,02-2025,IVA Ventas,88017420
Edelweiss Spedition Srl,02-2025,IVA Ventas,1678518
El Llamito S.A.,02-2025,IVA Ventas,0
El Marques S.A.,02-2025,IVA Ventas,5121450
Jofa S.A.,02-2025,IVA Ventas,0
L A R M Argentina Sociedad Anonima,02-2025,IVA Ventas,4989344
Liftvan International Company S A C,02-2025,IVA Ventas,46909664
Mercovan Argentina S.A.,02-2025,IVA Ventas,28601452
Nerococina S.A.,02-2025,IVA Ventas,378000
U-Bros S.A.,02-2025,IVA Ventas,3121046
Ulog S.A.,02-2025,IVA Ventas,0
Unapa S.A.,02-2025,IVA Ventas,0
Unknown Company,02-2025,IVA Ventas,0
Viñas En Flor S. R. L.,02-2025,IVA Ventas,13605014
Winehaus S.A.,02-2025,IVA Ventas,0
BA Comex S.A.,02-2025,IVA Compras,621987
Deposito Avellaneda Sur S.A.,02-2025,IVA Compras,68033701
Edelweiss Spedition Srl,02-2025,IVA Compras,5134648
El Llamito S.A.,02-2025,IVA Compras,0
El Marques S.A.,02-2025,IVA Compras,1704642
Jofa S.A.,02-2025,IVA Compras,22717658
L A R M Argentina Sociedad Anonima,02-2025,IVA Compras,1242728
Liftvan International Company S A C,02-2025,IVA Compras,30944853
Mercovan Argentina S.A.,02-2025,IVA Compras,9788604
Nerococina S.A.,02-2025,IVA Compras,378865
U-Bros S.A.,02-2025,IVA Compras,947965
Ulog S.A.,02-2025,IVA Compras,45249
Unapa S.A.,02-2025,IVA Compras,3439323
Unknown Company,02-2025,IVA Compras,0
Viñas En Flor S. R. L.,02-2025,IVA Compras,5350686
Winehaus S.A.,02-2025,IVA Compras,0
BA Comex S.A.,02-2025,Saldo IVA,-2885031
Deposito Avellaneda Sur S.A.,02-2025,Saldo IVA,-19983719
Edelweiss Spedition Srl,02-2025,Saldo IVA,3456130
El Llamito S.A.,02-2025,Saldo IVA,0
El Marques S.A.,02-2025,Saldo IVA,-3416808
Jofa S.A.,02-2025,Saldo IVA,0
L A R M Argentina Sociedad Anonima,02-2025,Saldo IVA,-3746616
Liftvan International Company S A C,02-2025,Saldo IVA,-15964811
Mercovan Argentina S.A.,02-2025,Saldo IVA,-18812848
Nerococina S.A.,02-2025,Saldo IVA,865
U-Bros S.A.,02-2025,Saldo IVA,-2173081
Ulog S.A.,02-2025,Saldo IVA,0
Unapa S.A.,02-2025,Saldo IVA,0
Unknown Company,02-2025,Saldo IVA,0
Viñas En Flor S. R. L.,02-2025,Saldo IVA,-8254328
Winehaus S.A.,02-2025,Saldo IVA,0
BA Comex S.A.,02-2025,Ingresos Brutos,0
Deposito Avellaneda Sur S.A.,02-2025,Ingresos Brutos,20119271
Edelweiss Spedition Srl,02-2025,Ingresos Brutos,993970
El Llamito S.A.,02-2025,Ingresos Brutos,0
El Marques S.A.,02-2025,Ingresos Brutos,1214869
Jofa S.A.,02-2025,Ingresos Brutos,0
L A R M Argentina Sociedad Anonima,02-2025,Ingresos Brutos,1303769
Liftvan International Company S A C,02-2025,Ingresos Brutos,17371799
Mercovan Argentina S.A.,02-2025,Ingresos Brutos,7616707
Nerococina S.A.,02-2025,Ingresos Brutos,0
U-Bros S.A.,02-2025,Ingresos Brutos,561565
Ulog S.A.,02-2025,Ingresos Brutos,0
Unapa S.A.,02-2025,Ingresos Brutos,0
Unknown Company,02-2025,Ingresos Brutos,0
Viñas En Flor S. R. L.,02-2025,Ingresos Brutos,2915382
Winehaus S.A.,02-2025,Ingresos Brutos,0
BA Comex S.A.,02-2025,Cargas Sociales,1277491
Deposito Avellaneda Sur S.A.,02-2025,Cargas Sociales,21618179
Edelweiss Spedition Srl,02-2025,Cargas Sociales,0
El Llamito S.A.,02-2025,Cargas Sociales,0
El Marques S.A.,02-2025,Cargas Sociales,0
Jofa S.A.,02-2025,Cargas Sociales,9517025
L A R M Argentina Sociedad Anonima,02-2025,Cargas Sociales,4355006
Liftvan International Company S A C,02-2025,Cargas Sociales,24352643
Mercovan Argentina S.A.,02-2025,Cargas Sociales,19455071
Nerococina S.A.,02-2025,Cargas Sociales,156141
U-Bros S.A.,02-2025,Cargas Sociales,966815
Ulog S.A.,02-2025,Cargas Sociales,197088
Unapa S.A.,02-2025,Cargas Sociales,373673
Unknown Company,02-2025,Cargas Sociales,0
Viñas En Flor S. R. L.,02-2025,Cargas Sociales,8109493
Winehaus S.A.,02-2025,Cargas Sociales,40544
BA Comex S.A.,02-2025,Deuda Total,2391050
Deposito Avellaneda Sur S.A.,02-2025,Deuda Total,16900125
Edelweiss Spedition Srl,02-2025,Deuda Total,0
El Llamito S.A.,02-2025,Deuda Total,8401225
El Marques S.A.,02-2025,Deuda Total,0
Jofa S.A.,02-2025,Deuda Total,67769294
L A R M Argentina Sociedad Anonima,02-2025,Deuda Total,3608117
Liftvan International Company S A C,02-2025,Deuda Total,0
Mercovan Argentina S.A.,02-2025,Deuda Total,0
Nerococina S.A.,02-2025,Deuda Total,0
U-Bros S.A.,02-2025,Deuda Total,3317528
Ulog S.A.,02-2025,Deuda Total,498680
Unapa S.A.,02-2025,Deuda Total,0
Unknown Company,02-2025,Deuda Total,0
Viñas En Flor S. R. L.,02-2025,Deuda Total,13233555
Winehaus S.A.,02-2025,Deuda Total,2551949
BA Comex S.A.,03-2025,Ventas Netas,9665920
De la Arena Coll Manuel,03-2025,Ventas Netas,0
Deposito Avellaneda Sur S.A.,03-2025,Ventas Netas,539116970
Edelweiss Spedition Srl,03-2025,Ventas Netas,91740589
El Llamito S.A.,03-2025,Ventas Netas,0
El Marques S.A.,03-2025,Ventas Netas,24934652
Jofa S.A.,03-2025,Ventas Netas,0
L A R M Argentina Sociedad Anonima,03-2025,Ventas Netas,67260387
Liftvan International Company S A C,03-2025,Ventas Netas,478004149
Mercovan Argentina S.A.,03-2025,Ventas Netas,199567173
Nerococina S.A.,03-2025,Ventas Netas,4207749
U-Bros S.A.,03-2025,Ventas Netas,13430922
Ulog S.A.,03-2025,Ventas Netas,7444640
Unapa S.A.,03-2025,Ventas Netas,0
Unknown Company,03-2025,Ventas Netas,0
Viñas En Flor S. R. L.,03-2025,Ventas Netas,70931075
Winehaus S.A.,03-2025,Ventas Netas,0
BA Comex S.A.,03-2025,IVA Ventas,2029837
De la Arena Coll Manuel,03-2025,IVA Ventas,0
Deposito Avellaneda Sur S.A.,03-2025,IVA Ventas,107389044
Edelweiss Spedition Srl,03-2025,IVA Ventas,9829990
El Llamito S.A.,03-2025,IVA Ventas,0
El Marques S.A.,03-2025,IVA Ventas,5236275
Jofa S.A.,03-2025,IVA Ventas,0
L A R M Argentina Sociedad Anonima,03-2025,IVA Ventas,6754186
Liftvan International Company S A C,03-2025,IVA Ventas,56771073
Mercovan Argentina S.A.,03-2025,IVA Ventas,19835702
Nerococina S.A.,03-2025,IVA Ventas,883627
U-Bros S.A.,03-2025,IVA Ventas,2820492
Ulog S.A.,03-2025,IVA Ventas,1563374
Unapa S.A.,03-2025,IVA Ventas,0
Unknown Company,03-2025,IVA Ventas,0
Viñas En Flor S. R. L.,03-2025,IVA Ventas,14205949
Winehaus S.A.,03-2025,IVA Ventas,0
BA Comex S.A.,03-2025,IVA Compras,430129
De la Arena Coll Manuel,03-2025,IVA Compras,9205
Deposito Avellaneda Sur S.A.,03-2025,IVA Compras,63070045
Edelweiss Spedition Srl,03-2025,IVA Compras,9474030
El Llamito S.A.,03-2025,IVA Compras,0
El Marques S.A.,03-2025,IVA Compras,1887019
Jofa S.A.,03-2025,IVA Compras,20768093
L A R M Argentina Sociedad Anonima,03-2025,IVA Compras,1178076
Liftvan International Company S A C,03-2025,IVA Compras,36194604
Mercovan Argentina S.A.,03-2025,IVA Compras,14665730
Nerococina S.A.,03-2025,IVA Compras,949211
U-Bros S.A.,03-2025,IVA Compras,84583
Ulog S.A.,03-2025,IVA Compras,31349
Unapa S.A.,03-2025,IVA Compras,1791868
Unknown Company,03-2025,IVA Compras,0
Viñas En Flor S. R. L.,03-2025,IVA Compras,6811259
Winehaus S.A.,03-2025,IVA Compras,-18039
BA Comex S.A.,03-2025,Saldo IVA,-1599708
De la Arena Coll Manuel,03-2025,Saldo IVA,0
Deposito Avellaneda Sur S.A.,03-2025,Saldo IVA,-44318999
Edelweiss Spedition Srl,03-2025,Saldo IVA,-355960
El Llamito S.A.,03-2025,Saldo IVA,0
El Marques S.A.,03-2025,Saldo IVA,-3349256
Jofa S.A.,03-2025,Saldo IVA,0
L A R M Argentina Sociedad Anonima,03-2025,Saldo IVA,-5576110
Liftvan International Company S A C,03-2025,Saldo IVA,-20576469
Mercovan Argentina S.A.,03-2025,Saldo IVA,-5169972
Nerococina S.A.,03-2025,Saldo IVA,65584
U-Bros S.A.,03-2025,Saldo IVA,-2735909
Ulog S.A.,03-2025,Saldo IVA,-1532025
Unapa S.A.,03-2025,Saldo IVA,0
Unknown Company,03-2025,Saldo IVA,0
Viñas En Flor S. R. L.,03-2025,Saldo IVA,-7394690
Winehaus S.A.,03-2025,Saldo IVA,0
BA Comex S.A.,03-2025,Ingresos Brutos,0
De la Arena Coll Manuel,03-2025,Ingresos Brutos,0
Deposito Avellaneda Sur S.A.,03-2025,Ingresos Brutos,24907743
Edelweiss Spedition Srl,03-2025,Ingresos Brutos,2882649
El Llamito S.A.,03-2025,Ingresos Brutos,0
El Marques S.A.,03-2025,Ingresos Brutos,1242107
Jofa S.A.,03-2025,Ingresos Brutos,0
L A R M Argentina Sociedad Anonima,03-2025,Ingresos Brutos,2458131
Liftvan International Company S A C,03-2025,Ingresos Brutos,14795327
Mercovan Argentina S.A.,03-2025,Ingresos Brutos,6766245
Nerococina S.A.,03-2025,Ingresos Brutos,0
U-Bros S.A.,03-2025,Ingresos Brutos,507487
Ulog S.A.,03-2025,Ingresos Brutos,133192
Unapa S.A.,03-2025,Ingresos Brutos,0
Unknown Company,03-2025,Ingresos Brutos,0
Viñas En Flor S. R. L.,03-2025,Ingresos Brutos,3191898
Winehaus S.A.,03-2025,Ingresos Brutos,0
BA Comex S.A.,03-2025,Cargas Sociales,1277491
De la Arena Coll Manuel,03-2025,Cargas Sociales,0
Deposito Avellaneda Sur S.A.,03-2025,Cargas Sociales,22453874
Edelweiss Spedition Srl,03-2025,Cargas Sociales,0
El Llamito S.A.,03-2025,Cargas Sociales,0
El Marques S.A.,03-2025,Cargas Sociales,0
Jofa S.A.,03-2025,Cargas Sociales,9678671
L A R M Argentina Sociedad Anonima,03-2025,Cargas Sociales,4355006
Liftvan International Company S A C,03-2025,Cargas Sociales,28234619
Mercovan Argentina S.A.,03-2025,Cargas Sociales,19615303
Nerococina S.A.,03-2025,Cargas Sociales,156141
U-Bros S.A.,03-2025,Cargas Sociales,966815
Ulog S.A.,03-2025,Cargas Sociales,197088
Unapa S.A.,03-2025,Cargas Sociales,384359
Unknown Company,03-2025,Cargas Sociales,0
Viñas En Flor S. R. L.,03-2025,Cargas Sociales,8666668
Winehaus S.A.,03-2025,Cargas Sociales,40544
BA Comex S.A.,03-2025,Deuda Total,2391050
De la Arena Coll Manuel,03-2025,Deuda Total,0
Deposito Avellaneda Sur S.A.,03-2025,Deuda Total,0
Edelweiss Spedition Srl,03-2025,Deuda Total,512008
El Llamito S.A.,03-2025,Deuda Total,10081470
El Marques S.A.,03-2025,Deuda Total,0
Jofa S.A.,03-2025,Deuda Total,25386669
L A R M Argentina Sociedad Anonima,03-2025,Deuda Total,1848
Liftvan International Company S A C,03-2025,Deuda Total,0
Mercovan Argentina S.A.,03-2025,Deuda Total,0
Nerococina S.A.,03-2025,Deuda Total,0
U-Bros S.A.,03-2025,Deuda Total,0
Ulog S.A.,03-2025,Deuda Total,1171278
Unapa S.A.,03-2025,Deuda Total,0
Unknown Company,03-2025,Deuda Total,0
Viñas En Flor S. R. L.,03-2025,Deuda Total,8736952
Winehaus S.A.,03-2025,Deuda Total,2551949
BA Comex S.A.,04-2025,Ventas Netas,7629878
De la Arena Coll Manuel,04-2025,Ventas Netas,0
Deposito Avellaneda Sur S.A.,04-2025,Ventas Netas,707189450
Edelweiss Spedition Srl,04-2025,Ventas Netas,19935646
El Llamito S.A.,04-2025,Ventas Netas,34950000
El Marques S.A.,04-2025,Ventas Netas,26305258
Jofa S.A.,04-2025,Ventas Netas,0
L A R M Argentina Sociedad Anonima,04-2025,Ventas Netas,38007926
Liftvan International Company S A C,04-2025,Ventas Netas,573312522
Mercovan Argentina S.A.,04-2025,Ventas Netas,118098815
Nerococina S.A.,04-2025,Ventas Netas,10310037
U-Bros S.A.,04-2025,Ventas Netas,13810257
Ulog S.A.,04-2025,Ventas Netas,7739760
Unapa S.A.,04-2025,Ventas Netas,0
Unknown Company,04-2025,Ventas Netas,0
Viñas En Flor S. R. L.,04-2025,Ventas Netas,114670334
Winehaus S.A.,04-2025,Ventas Netas,0
BA Comex S.A.,04-2025,IVA Ventas,1602274
De la Arena Coll Manuel,04-2025,IVA Ventas,0
Deposito Avellaneda Sur S.A.,04-2025,IVA Ventas,148100982
Edelweiss Spedition Srl,04-2025,IVA Ventas,-74787
El Llamito S.A.,04-2025,IVA Ventas,7339500
El Marques S.A.,04-2025,IVA Ventas,5524102
Jofa S.A.,04-2025,IVA Ventas,0
L A R M Argentina Sociedad Anonima,04-2025,IVA Ventas,3491623
Liftvan International Company S A C,04-2025,IVA Ventas,39359320
Mercovan Argentina S.A.,04-2025,IVA Ventas,16370114
Nerococina S.A.,04-2025,IVA Ventas,2165106
U-Bros S.A.,04-2025,IVA Ventas,2900151
Ulog S.A.,04-2025,IVA Ventas,1625349
Unapa S.A.,04-2025,IVA Ventas,0
Unknown Company,04-2025,IVA Ventas,0
Viñas En Flor S. R. L.,04-2025,IVA Ventas,24080496
Winehaus S.A.,04-2025,IVA Ventas,0
BA Comex S.A.,04-2025,IVA Compras,325881
De la Arena Coll Manuel,04-2025,IVA Compras,18112
Deposito Avellaneda Sur S.A.,04-2025,IVA Compras,77992296
Edelweiss Spedition Srl,04-2025,IVA Compras,6818267
El Llamito S.A.,04-2025,IVA Compras,0
El Marques S.A.,04-2025,IVA Compras,2100556
Jofa S.A.,04-2025,IVA Compras,28819474
L A R M Argentina Sociedad Anonima,04-2025,IVA Compras,945048
Liftvan International Company S A C,04-2025,IVA Compras,34896718
Mercovan Argentina S.A.,04-2025,IVA Compras,11649110
Nerococina S.A.,04-2025,IVA Compras,670790
U-Bros S.A.,04-2025,IVA Compras,333476
Ulog S.A.,04-2025,IVA Compras,1105
Unapa S.A.,04-2025,IVA Compras,1320262
Unknown Company,04-2025,IVA Compras,0
Viñas En Flor S. R. L.,04-2025,IVA Compras,4317429
Winehaus S.A.,04-2025,IVA Compras,0
BA Comex S.A.,04-2025,Saldo IVA,-1276393
De la Arena Coll Manuel,04-2025,Saldo IVA,0
Deposito Avellaneda Sur S.A.,04-2025,Saldo IVA,-70108686
Edelweiss Spedition Srl,04-2025,Saldo IVA,6893054
El Llamito S.A.,04-2025,Saldo IVA,0
El Marques S.A.,04-2025,Saldo IVA,-3423546
Jofa S.A.,04-2025,Saldo IVA,0
L A R M Argentina Sociedad Anonima,04-2025,Saldo IVA,-2546575
Liftvan International Company S A C,04-2025,Saldo IVA,-4462602
Mercovan Argentina S.A.,04-2025,Saldo IVA,-4721004
Nerococina S.A.,04-2025,Saldo IVA,-1494316
U-Bros S.A.,04-2025,Saldo IVA,-2566675
Ulog S.A.,04-2025,Saldo IVA,-1624244
Unapa S.A.,04-2025,Saldo IVA,0
Unknown Company,04-2025,Saldo IVA,0
Viñas En Flor S. R. L.,04-2025,Saldo IVA,-19763067
Winehaus S.A.,04-2025,Saldo IVA,0
BA Comex S.A.,04-2025,Ingresos Brutos,0
De la Arena Coll Manuel,04-2025,Ingresos Brutos,0
Deposito Avellaneda Sur S.A.,04-2025,Ingresos Brutos,32672859
Edelweiss Spedition Srl,04-2025,Ingresos Brutos,626412
El Llamito S.A.,04-2025,Ingresos Brutos,1747500
El Marques S.A.,04-2025,Ingresos Brutos,1310383
Jofa S.A.,04-2025,Ingresos Brutos,0
L A R M Argentina Sociedad Anonima,04-2025,Ingresos Brutos,1389056
Liftvan International Company S A C,04-2025,Ingresos Brutos,17745341
Mercovan Argentina S.A.,04-2025,Ingresos Brutos,4004093
Nerococina S.A.,04-2025,Ingresos Brutos,0
U-Bros S.A.,04-2025,Ingresos Brutos,521820
Ulog S.A.,04-2025,Ingresos Brutos,138472
Unapa S.A.,04-2025,Ingresos Brutos,0
Unknown Company,04-2025,Ingresos Brutos,0
Viñas En Flor S. R. L.,04-2025,Ingresos Brutos,5160165
Winehaus S.A.,04-2025,Ingresos Brutos,0
BA Comex S.A.,04-2025,Cargas Sociales,1286711
De la Arena Coll Manuel,04-2025,Cargas Sociales,0
Deposito Avellaneda Sur S.A.,04-2025,Cargas Sociales,22044506
Edelweiss Spedition Srl,04-2025,Cargas Sociales,0
El Llamito S.A.,04-2025,Cargas Sociales,0
El Marques S.A.,04-2025,Cargas Sociales,0
Jofa S.A.,04-2025,Cargas Sociales,10260855
L A R M Argentina Sociedad Anonima,04-2025,Cargas Sociales,4341021
Liftvan International Company S A C,04-2025,Cargas Sociales,28419590
Mercovan Argentina S.A.,04-2025,Cargas Sociales,20130190
Nerococina S.A.,04-2025,Cargas Sociales,315345
U-Bros S.A.,04-2025,Cargas Sociales,1021311
Ulog S.A.,04-2025,Cargas Sociales,197088
Unapa S.A.,04-2025,Cargas Sociales,384390
Unknown Company,04-2025,Cargas Sociales,0
Viñas En Flor S. R. L.,04-2025,Cargas Sociales,8779802
Winehaus S.A.,04-2025,Cargas Sociales,40544
BA Comex S.A.,04-2025,Deuda Total,2391050
De la Arena Coll Manuel,04-2025,Deuda Total,2391050
Deposito Avellaneda Sur S.A.,04-2025,Deuda Total,0
Edelweiss Spedition Srl,04-2025,Deuda Total,576009
El Llamito S.A.,04-2025,Deuda Total,11761715
El Marques S.A.,04-2025,Deuda Total,0
Jofa S.A.,04-2025,Deuda Total,32527536
L A R M Argentina Sociedad Anonima,04-2025,Deuda Total,1848
Liftvan International Company S A C,04-2025,Deuda Total,0
Mercovan Argentina S.A.,04-2025,Deuda Total,0
Nerococina S.A.,04-2025,Deuda Total,0
U-Bros S.A.,04-2025,Deuda Total,0
Ulog S.A.,04-2025,Deuda Total,698152
Unapa S.A.,04-2025,Deuda Total,0
Unknown Company,04-2025,Deuda Total,0
Viñas En Flor S. R. L.,04-2025,Deuda Total,15845848
Winehaus S.A.,04-2025,Deuda Total,2551949
