Fecha,Tipo,Número Desde,Denominación Emisor,Neto,IVA,Imp. Total,razon_social
01/04/2025,1 - Factura A,41500,Mymtec Sa,251153,52742,303895,BA Comex
01/04/2025,1 - Factura A,2904445,Lakaut S.A.,19111,4013,23755,BA Comex
01/04/2025,1 - Factura A,2904447,Lakaut S.A.,19120,4015,23766,BA Comex
01/04/2025,1 - Factura A,418095,Soluciones Online Sa,93000,19530,112530,BA Comex
01/04/2025,1 - Factura A,11445,Mymtec Sa,98593,20704,119297,BA Comex
03/04/2025,1 - Factura A,2570,Aranda Luis Alberto,136913,28751,165664,BA Comex
04/04/2025,1 - Factura A,3258798,Telecentro S A,75510,15857,96124,BA Comex
06/04/2025,1 - Factura A,2907861,Lakaut S.A.,38394,8062,47723,BA Comex
07/04/2025,1 - Factura A,2908337,Lakaut S.A.,19332,4059,24029,BA Comex
08/04/2025,1 - Factura A,2909331,Lakaut S.A.,19251,4042,23928,BA Comex
08/04/2025,1 - Factura A,2910300,Lakaut S.A.,96304,20223,119706,BA Comex
11/04/2025,1 - Factura A,2912676,Lakaut S.A.,19350,4063,24052,BA Comex
13/04/2025,1 - Factura A,104717,Deheza Sociedad Anonima Industrial Comercial Financiera Inmobiliaria,65139,13679,95510,BA Comex
15/04/2025,1 - Factura A,2916939,Lakaut S.A.,19372,4068,24080,BA Comex
15/04/2025,1 - Factura A,2916413,Lakaut S.A.,19332,4059,24029,BA Comex
15/04/2025,1 - Factura A,2915725,Lakaut S.A.,19332,4059,24029,BA Comex
16/04/2025,1 - Factura A,2917335,Lakaut S.A.,19345,4062,24046,BA Comex
16/04/2025,1 - Factura A,2917265,Lakaut S.A.,135153,28382,167995,BA Comex
22/04/2025,1 - Factura A,2919810,Lakaut S.A.,38623,8110,48009,BA Comex
22/04/2025,1 - Factura A,11691,Fitograf Srl,145289,30510,175800,BA Comex
23/04/2025,1 - Factura A,2921561,Lakaut S.A.,19368,4067,24074,BA Comex
24/04/2025,1 - Factura A,122089,Coto Centro Integral De Comercializacion Sociedad Anonima,39175,8226,49753,BA Comex
24/04/2025,1 - Factura A,2922567,Lakaut S.A.,19098,4010,23738,BA Comex
24/04/2025,3 - Nota de Crédito A,4731,Coto Centro Integral De Comercializacion Sociedad Anonima,-39175,-8226,-49753,BA Comex
25/04/2025,1 - Factura A,122174,Coto Centro Integral De Comercializacion Sociedad Anonima,39175,8226,49753,BA Comex
28/04/2025,1 - Factura A,2928507,Lakaut S.A.,58104,12201,72223,BA Comex
01/04/2025,1 - Factura A,7616,Real Software Sa,13711,2879,16591,Deposito Avellaneda Sur
01/04/2025,1 - Factura A,65922,Dale Gas Sa,104072,10927,115000,Deposito Avellaneda Sur
01/04/2025,1 - Factura A,552,Simz S. R. L.,497070,104384,601454,Deposito Avellaneda Sur
01/04/2025,1 - Factura A,1232,Abimex S.R.L,109400,22974,132374,Deposito Avellaneda Sur
01/04/2025,1 - Factura A,15374,Casa Abe S A,63859,13410,84294,Deposito Avellaneda Sur
01/04/2025,1 - Factura A,2259,Mercovan Argentina S.A.,2244318,471306,2715625,Deposito Avellaneda Sur
01/04/2025,1 - Factura A,260,Peralta Omar Rodolfo,2400000,504000,2904000,Deposito Avellaneda Sur
01/04/2025,1 - Factura A,870,Adorada Srl,1300000,273000,1573000,Deposito Avellaneda Sur
01/04/2025,1 - Factura A,2188,Konstrutot Srl,702082,147437,849520,Deposito Avellaneda Sur
01/04/2025,1 - Factura A,2844,Patagon Latin America Sociedad Anonima,10740000,1127700,11867700,Deposito Avellaneda Sur
01/04/2025,1 - Factura A,1927,Gruas Y Autoelevadores Antog Srl,10095506,2120056,12215563,Deposito Avellaneda Sur
01/04/2025,1 - Factura A,275,Galderisi Carlos Andres,22336345,4690632,27026977,Deposito Avellaneda Sur
01/04/2025,1 - Factura A,759,Servairex S. R. L.,1933772,406092,2339864,Deposito Avellaneda Sur
01/04/2025,11 - Factura C,84,Maresca Daniela Anahi,0,0,150000,Deposito Avellaneda Sur
02/04/2025,1 - Factura A,10515,Policlinica Privada Centro Medico Sarandi Sociedad Anonima,123042,25838,148880,Deposito Avellaneda Sur
03/04/2025,1 - Factura A,41440,Acudir Sa,182024,38225,229350,Deposito Avellaneda Sur
03/04/2025,1 - Factura A,94264,Sis Ingenieria Srl,60592,12724,73317,Deposito Avellaneda Sur
03/04/2025,1 - Factura A,8746,Sistelcom Argentina   Srl,4727160,992703,6003493,Deposito Avellaneda Sur
03/04/2025,1 - Factura A,2560,Aranda Luis Alberto,779397,163673,943071,Deposito Avellaneda Sur
03/04/2025,11 - Factura C,45,Lastra Facundo Martin,0,0,1300000,Deposito Avellaneda Sur
03/04/2025,11 - Factura C,65,Aramberry Aitor Carlos Maria,0,0,190000,Deposito Avellaneda Sur
03/04/2025,11 - Factura C,41,Aguirre Oliva Santiago,0,0,3384000,Deposito Avellaneda Sur
03/04/2025,11 - Factura C,452,Medina Christian Marcelo,0,0,1531600,Deposito Avellaneda Sur
03/04/2025,11 - Factura C,156,Toledo Marcelo Sebastian,0,0,1800000,Deposito Avellaneda Sur
03/04/2025,11 - Factura C,5172,Camara De Depositos Fiscales Privados,0,0,265000,Deposito Avellaneda Sur
03/04/2025,11 - Factura C,453,Medina Christian Marcelo,0,0,240000,Deposito Avellaneda Sur
04/04/2025,1 - Factura A,1069,El Visor S.R.L.,15952024,3349925,19301949,Deposito Avellaneda Sur
04/04/2025,1 - Factura A,3269780,Telecentro S A,58960,12381,79596,Deposito Avellaneda Sur
04/04/2025,1 - Factura A,96,Costa Norberto Genaro,3471074,728925,4200000,Deposito Avellaneda Sur
04/04/2025,1 - Factura A,168,Nuevo Estibaje S.A.,3202500,672525,3875025,Deposito Avellaneda Sur
04/04/2025,11 - Factura C,31,Jorge Guillermo Jesus,0,0,5699082,Deposito Avellaneda Sur
04/04/2025,11 - Factura C,191,Ponzi Fernando Ariel,0,0,170000,Deposito Avellaneda Sur
05/04/2025,1 - Factura A,7733,Cavodeassi Gaston Diego,663357,139304,802661,Deposito Avellaneda Sur
05/04/2025,1 - Factura A,7756,Cavodeassi Gaston Diego,766850,161038,927888,Deposito Avellaneda Sur
05/04/2025,1 - Factura A,7745,Cavodeassi Gaston Diego,374602,78666,453268,Deposito Avellaneda Sur
07/04/2025,1 - Factura A,21955,Molina Oscar,11357826,2385143,14151851,Deposito Avellaneda Sur
07/04/2025,1 - Factura A,307,Alvear Palace Hotel Sa I,261074,54825,331564,Deposito Avellaneda Sur
07/04/2025,1 - Factura A,114,Mendez Ruben,90000,18900,108900,Deposito Avellaneda Sur
07/04/2025,1 - Factura A,113,Heroleva Srl,1862775,391182,2253957,Deposito Avellaneda Sur
08/04/2025,1 - Factura A,8067,Cpt Integral Sa,1278522,268489,1623722,Deposito Avellaneda Sur
08/04/2025,1 - Factura A,66120,Dale Gas Sa,41628,4371,46000,Deposito Avellaneda Sur
08/04/2025,1 - Factura A,3885,Pinturerias Mafer Sociedad Anonima,176436,37051,222310,Deposito Avellaneda Sur
08/04/2025,1 - Factura A,1933,Gruas Y Autoelevadores Antog Srl,760912,159791,920704,Deposito Avellaneda Sur
08/04/2025,1 - Factura A,1934,Gruas Y Autoelevadores Antog Srl,1370939,287897,1658837,Deposito Avellaneda Sur
08/04/2025,1 - Factura A,1935,Gruas Y Autoelevadores Antog Srl,1162670,244160,1406830,Deposito Avellaneda Sur
08/04/2025,1 - Factura A,198,Logistica Aron S.R.L,42526037,8665905,51191944,Deposito Avellaneda Sur
08/04/2025,11 - Factura C,61,Caso Diego Jose,0,0,3000000,Deposito Avellaneda Sur
08/04/2025,11 - Factura C,307,Carranza Eduardo Maximo,0,0,401348,Deposito Avellaneda Sur
09/04/2025,1 - Factura A,585,Graem Sociedad De Responsabilidad Limitada,3453975,652847,4106822,Deposito Avellaneda Sur
09/04/2025,1 - Factura A,595,Polvere Adrian Marcelo,487400,102354,589754,Deposito Avellaneda Sur
09/04/2025,11 - Factura C,854,Nieto Enzo Rodrigo,0,0,5144389,Deposito Avellaneda Sur
11/04/2025,1 - Factura A,3886,Pons Fernando Raul,1824222,383086,2207308,Deposito Avellaneda Sur
11/04/2025,1 - Factura A,8169,Dodero & Cia Srl,1707270,358526,2065797,Deposito Avellaneda Sur
11/04/2025,1 - Factura A,66208,Dale Gas Sa,145701,15298,161000,Deposito Avellaneda Sur
11/04/2025,1 - Factura A,417,Silva Daniel Jorge,200000,42000,242000,Deposito Avellaneda Sur
11/04/2025,1 - Factura A,59,Cangiano Carlos,50249,10552,60801,Deposito Avellaneda Sur
11/04/2025,1 - Factura A,1175,Cincunegui Santiago Jorge,950950,199699,1150650,Deposito Avellaneda Sur
11/04/2025,1 - Factura A,170,Nuevo Estibaje S.A.,9235600,1939476,11175076,Deposito Avellaneda Sur
11/04/2025,11 - Factura C,682,Carazza Fabian Alejandro,0,0,825000,Deposito Avellaneda Sur
12/04/2025,1 - Factura A,150,Milone Alberto,56942,11957,68900,Deposito Avellaneda Sur
14/04/2025,1 - Factura A,265680,Contenedores Hugo Sa,446557,93776,567127,Deposito Avellaneda Sur
14/04/2025,1 - Factura A,1679,Reefer Containers S.A.,2750000,577500,3327500,Deposito Avellaneda Sur
14/04/2025,1 - Factura A,26023,Samlog S.R.L.,238000,49980,287980,Deposito Avellaneda Sur
14/04/2025,1 - Factura A,23347,Gcr Sa,204000,42840,257040,Deposito Avellaneda Sur
14/04/2025,1 - Factura A,7777,Cavodeassi Gaston Diego,2600000,546000,3146000,Deposito Avellaneda Sur
14/04/2025,1 - Factura A,96121,Sercap Insumos Srl,167499,17587,185086,Deposito Avellaneda Sur
14/04/2025,1 - Factura A,1678,Reefer Containers S.A.,8250000,1732500,9982500,Deposito Avellaneda Sur
14/04/2025,1 - Factura A,6047,Petro Lanc S.A.,2121846,445587,2915999,Deposito Avellaneda Sur
14/04/2025,1 - Factura A,2850,Patagon Latin America Sociedad Anonima,6050000,1270500,7320500,Deposito Avellaneda Sur
14/04/2025,1 - Factura A,2851,Patagon Latin America Sociedad Anonima,12100000,1270500,13370500,Deposito Avellaneda Sur
14/04/2025,1 - Factura A,54543,Terminales Rio De La Plata Sociedad Anonima,1606213,337305,2152427,Deposito Avellaneda Sur
14/04/2025,1 - Factura A,54742,Terminales Rio De La Plata Sociedad Anonima,1431710,300660,1922161,Deposito Avellaneda Sur
14/04/2025,3 - Nota de Crédito A,257,Patagon Latin America Sociedad Anonima,-6050000,-1270500,-7320500,Deposito Avellaneda Sur
15/04/2025,1 - Factura A,1645,Cincunegui Santiago Jorge,24793,5206,30000,Deposito Avellaneda Sur
15/04/2025,1 - Factura A,2587,Vazquez Hnos S.R.L.,114961,24141,139103,Deposito Avellaneda Sur
15/04/2025,1 - Factura A,303,Grupo Rsm S.R.L.,5904000,0,5904000,Deposito Avellaneda Sur
15/04/2025,1 - Factura A,304,Grupo Rsm S.R.L.,1165500,27972,1193472,Deposito Avellaneda Sur
15/04/2025,1 - Factura A,10086,Aserradero Jardin Srl,15000,2100,17100,Deposito Avellaneda Sur
15/04/2025,1 - Factura A,691,Maqueleva Sociedad Anonima,1508000,316680,1824680,Deposito Avellaneda Sur
15/04/2025,11 - Factura C,20,Beraldi Franco,0,0,313595,Deposito Avellaneda Sur
15/04/2025,11 - Factura C,68,Aramberry Aitor Carlos Maria,0,0,80000,Deposito Avellaneda Sur
15/04/2025,11 - Factura C,171,Lopez Figueredo German Augusto,0,0,364844,Deposito Avellaneda Sur
16/04/2025,1 - Factura A,587,Graem Sociedad De Responsabilidad Limitada,333792,70101,403893,Deposito Avellaneda Sur
16/04/2025,1 - Factura A,8773,Sistelcom Argentina   Srl,2933550,616045,3725608,Deposito Avellaneda Sur
16/04/2025,1 - Factura A,1,Geurayd Luis Miguel,21339000,4481190,25820190,Deposito Avellaneda Sur
17/04/2025,1 - Factura A,39785,Morini S.R.L.,1290398,270983,1625901,Deposito Avellaneda Sur
17/04/2025,1 - Factura A,66380,Dale Gas Sa,270588,28411,299000,Deposito Avellaneda Sur
17/04/2025,1 - Factura A,1429,Follini Juan Carlos,54545,11454,66000,Deposito Avellaneda Sur
17/04/2025,1 - Factura A,4059,Nuñez Mirta Susana,86920,0,86920,Deposito Avellaneda Sur
17/04/2025,1 - Factura A,641,Transporte Y Logistica Jfv,3900000,819000,4719000,Deposito Avellaneda Sur
17/04/2025,3 - Nota de Crédito A,147,Nuñez Mirta Susana,-86920,0,-86920,Deposito Avellaneda Sur
17/04/2025,11 - Factura C,507,Cigno Juan Horacio,0,0,70000,Deposito Avellaneda Sur
18/04/2025,1 - Factura A,86634,El Jumillano S A,75445,15843,99588,Deposito Avellaneda Sur
18/04/2025,1 - Factura A,5236049,Telecom Argentina Sociedad Anonima,47970,10073,61881,Deposito Avellaneda Sur
18/04/2025,1 - Factura A,172,Nuevo Estibaje S.A.,9063500,1903335,10966835,Deposito Avellaneda Sur
19/04/2025,6 - Factura B,265322,Starlink Argentina S R L,0,0,62000,Deposito Avellaneda Sur
21/04/2025,1 - Factura A,535,Transporte Tj Srl,2540000,533400,3073400,Deposito Avellaneda Sur
21/04/2025,1 - Factura A,536,Transporte Tj Srl,1800000,378000,2178000,Deposito Avellaneda Sur
21/04/2025,1 - Factura A,277,Galderisi Carlos Andres,30515000,6408150,36923150,Deposito Avellaneda Sur
21/04/2025,1 - Factura A,40,Warzok Sas,170000,35700,205700,Deposito Avellaneda Sur
21/04/2025,1 - Factura A,322679,Exolgan Sociedad Anonima,1267833,266245,1711575,Deposito Avellaneda Sur
22/04/2025,1 - Factura A,66489,Dale Gas Sa,124886,13113,138000,Deposito Avellaneda Sur
22/04/2025,1 - Factura A,4305,Guerineau German Hector,326086,68478,394564,Deposito Avellaneda Sur
22/04/2025,1 - Factura A,243390,Estacion Lima  Sa,8227,1727,12503,Deposito Avellaneda Sur
22/04/2025,1 - Factura A,1538,Molina Oscar,1487320,312337,1853200,Deposito Avellaneda Sur
22/04/2025,1 - Factura A,708,Farias Diego Javier,43000,9030,52030,Deposito Avellaneda Sur
22/04/2025,3 - Nota de Crédito A,1049,Molina Oscar,-1487320,-312337,-1853201,Deposito Avellaneda Sur
23/04/2025,1 - Factura A,1239,Abimex S.R.L,112000,23520,135520,Deposito Avellaneda Sur
23/04/2025,1 - Factura A,2921290,Lakaut S.A.,19692,4135,25993,Deposito Avellaneda Sur
23/04/2025,1 - Factura A,3065,Fimda S.A.,1150000,241500,1391500,Deposito Avellaneda Sur
23/04/2025,1 - Factura A,216,Seoane David German,135000,28350,163350,Deposito Avellaneda Sur
23/04/2025,11 - Factura C,139,Castro Videla Maria Elena,0,0,355210,Deposito Avellaneda Sur
24/04/2025,1 - Factura A,394727,Credito Y Caucion S.A. Compañia De Seguros,5724107,1061892,6786000,Deposito Avellaneda Sur
24/04/2025,1 - Factura A,243804,Estacion Lima  Sa,7605,1597,11558,Deposito Avellaneda Sur
24/04/2025,1 - Factura A,66568,Dale Gas Sa,83257,8742,92000,Deposito Avellaneda Sur
24/04/2025,1 - Factura A,209,Logistica Aron S.R.L,7919780,1663153,9582934,Deposito Avellaneda Sur
24/04/2025,11 - Factura C,93,Casas Leonardo Alberto,0,0,120000,Deposito Avellaneda Sur
24/04/2025,11 - Factura C,42,Vera Carlos Alberto,0,0,2340000,Deposito Avellaneda Sur
25/04/2025,1 - Factura A,10131,Pakiore S.R.L.,145146,30480,182884,Deposito Avellaneda Sur
25/04/2025,1 - Factura A,6071,Petro Lanc S.A.,871816,183081,1265000,Deposito Avellaneda Sur
25/04/2025,1 - Factura A,174,Nuevo Estibaje S.A.,7534300,1582203,9116503,Deposito Avellaneda Sur
28/04/2025,1 - Factura A,565,Transporte Tj Srl,840000,176400,1016400,Deposito Avellaneda Sur
28/04/2025,1 - Factura A,81874,Papelera Todoplastic S. R. L.,44023,9244,53267,Deposito Avellaneda Sur
28/04/2025,1 - Factura A,81875,Papelera Todoplastic S. R. L.,11005,2311,13316,Deposito Avellaneda Sur
28/04/2025,1 - Factura A,10138,Pakiore S.R.L.,145146,30480,182884,Deposito Avellaneda Sur
28/04/2025,1 - Factura A,412,Chediac Micaela Yasmin,1700600,357126,2057726,Deposito Avellaneda Sur
28/04/2025,1 - Factura A,413,Chediac Micaela Yasmin,1433315,300996,1734311,Deposito Avellaneda Sur
28/04/2025,1 - Factura A,115,Mendez Ruben,350000,73500,423500,Deposito Avellaneda Sur
28/04/2025,1 - Factura A,414,Chediac Micaela Yasmin,1545637,324583,1870220,Deposito Avellaneda Sur
28/04/2025,1 - Factura A,612970,Terminal 4  S A,726019,152463,919009,Deposito Avellaneda Sur
28/04/2025,1 - Factura A,330942,Exolgan Sociedad Anonima,2857523,600079,3857656,Deposito Avellaneda Sur
28/04/2025,3 - Nota de Crédito A,258,Patagon Latin America Sociedad Anonima,-12100000,-1270500,-13370500,Deposito Avellaneda Sur
28/04/2025,3 - Nota de Crédito A,21,Chediac Micaela Yasmin,-231978,-48715,-280693,Deposito Avellaneda Sur
28/04/2025,3 - Nota de Crédito A,22,Chediac Micaela Yasmin,-15443,-3243,-18686,Deposito Avellaneda Sur
28/04/2025,11 - Factura C,72,Urtubey Francisco,0,0,3900000,Deposito Avellaneda Sur
01/04/2025,1 - Factura A,417904,Soluciones Online Sa,117300,24633,141933,Edelweiss Spedition
01/04/2025,1 - Factura A,235818,Maritime Services Line Argentina Sa,338906,63135,402042,Edelweiss Spedition
01/04/2025,1 - Factura A,25112,Deposito Avellaneda Sur S.A.,914519,192049,1106568,Edelweiss Spedition
01/04/2025,1 - Factura A,25108,Deposito Avellaneda Sur S.A.,2091820,439282,2531102,Edelweiss Spedition
01/04/2025,1 - Factura A,25113,Deposito Avellaneda Sur S.A.,1005788,211215,1217003,Edelweiss Spedition
01/04/2025,1 - Factura A,276,Galderisi Carlos Andres,500000,105000,605000,Edelweiss Spedition
01/04/2025,1 - Factura A,320279,Exolgan Sociedad Anonima,634405,133225,831070,Edelweiss Spedition
03/04/2025,1 - Factura A,1186279,Hapag-Lloyd Argentina S.R.L,207080,0,207080,Edelweiss Spedition
03/04/2025,11 - Factura C,190,Leiria Carlos Alberto,0,0,399500,Edelweiss Spedition
03/04/2025,11 - Factura C,193,Leiria Carlos Alberto,0,0,148000,Edelweiss Spedition
04/04/2025,1 - Factura A,327425,Exolgan Sociedad Anonima,87540,18383,114677,Edelweiss Spedition
04/04/2025,1 - Factura A,51170,Terminales Rio De La Plata Sociedad Anonima,1327103,278692,1736336,Edelweiss Spedition
07/04/2025,1 - Factura A,5442,Nuevos Ayres Cargo S.A.,1207898,0,1207898,Edelweiss Spedition
07/04/2025,1 - Factura A,1187441,Hapag-Lloyd Argentina S.R.L,1182360,0,1182360,Edelweiss Spedition
07/04/2025,1 - Factura A,1187473,Hapag-Lloyd Argentina S.R.L,669336,0,669336,Edelweiss Spedition
07/04/2025,1 - Factura A,1187474,Hapag-Lloyd Argentina S.R.L,66800,14028,84168,Edelweiss Spedition
07/04/2025,1 - Factura A,25165,Deposito Avellaneda Sur S.A.,1893142,397559,2290701,Edelweiss Spedition
08/04/2025,1 - Factura A,27061,Terminal 7 S A,75000,15750,90750,Edelweiss Spedition
08/04/2025,1 - Factura A,25180,Deposito Avellaneda Sur S.A.,2430092,510319,2940411,Edelweiss Spedition
08/04/2025,1 - Factura A,52631,Terminales Rio De La Plata Sociedad Anonima,1333001,279931,1743765,Edelweiss Spedition
09/04/2025,1 - Factura A,2437,Terminales Rio De La Plata Sociedad Anonima,219200,46032,287152,Edelweiss Spedition
09/04/2025,11 - Factura C,99,Martinez Pollitzer Jimena,0,0,427440,Edelweiss Spedition
10/04/2025,1 - Factura A,2533,Mazurkiewich Ramon Daniel,1200000,252000,1452000,Edelweiss Spedition
11/04/2025,1 - Factura A,25220,Deposito Avellaneda Sur S.A.,1820547,382315,2202862,Edelweiss Spedition
11/04/2025,1 - Factura A,16648,Aeropuertos Argentina 2000 S A,93596,19653,115125,Edelweiss Spedition
14/04/2025,1 - Factura A,25251,Deposito Avellaneda Sur S.A.,2498575,524700,3023276,Edelweiss Spedition
15/04/2025,1 - Factura A,5453,Nuevos Ayres Cargo S.A.,1888665,0,1888665,Edelweiss Spedition
15/04/2025,1 - Factura A,25273,Deposito Avellaneda Sur S.A.,2586635,543193,3129829,Edelweiss Spedition
15/04/2025,1 - Factura A,383,Rodriguez Oscar Alejandro,392000,82320,474320,Edelweiss Spedition
15/04/2025,11 - Factura C,198,Leiria Carlos Alberto,0,0,168000,Edelweiss Spedition
16/04/2025,1 - Factura A,271671,Bank S. A.,43050,9040,55104,Edelweiss Spedition
16/04/2025,1 - Factura A,25,Rojo Maria Gabriela,990000,207900,1197900,Edelweiss Spedition
16/04/2025,1 - Factura A,329056,Exolgan Sociedad Anonima,1264243,265491,1656158,Edelweiss Spedition
16/04/2025,11 - Factura C,200,Leiria Carlos Alberto,0,0,330000,Edelweiss Spedition
17/04/2025,1 - Factura A,16814,Aeropuertos Argentina 2000 S A,97440,20462,119851,Edelweiss Spedition
17/04/2025,1 - Factura A,25293,Deposito Avellaneda Sur S.A.,2674039,561548,3235587,Edelweiss Spedition
22/04/2025,1 - Factura A,1191697,Hapag-Lloyd Argentina S.R.L,721492,0,721492,Edelweiss Spedition
22/04/2025,1 - Factura A,1191698,Hapag-Lloyd Argentina S.R.L,56900,11949,71694,Edelweiss Spedition
22/04/2025,1 - Factura A,25326,Deposito Avellaneda Sur S.A.,657953,138170,796124,Edelweiss Spedition
22/04/2025,1 - Factura A,25324,Deposito Avellaneda Sur S.A.,1275568,267869,1543437,Edelweiss Spedition
22/04/2025,1 - Factura A,385,Rodriguez Oscar Alejandro,1282000,269220,1551220,Edelweiss Spedition
23/04/2025,1 - Factura A,387,Rodriguez Oscar Alejandro,974000,204540,1178540,Edelweiss Spedition
24/04/2025,11 - Factura C,207,Leiria Carlos Alberto,0,0,448000,Edelweiss Spedition
28/04/2025,1 - Factura A,272432,Bank S. A.,20300,4263,25984,Edelweiss Spedition
28/04/2025,1 - Factura A,1193204,Hapag-Lloyd Argentina S.R.L,652700,0,652700,Edelweiss Spedition
28/04/2025,1 - Factura A,1193205,Hapag-Lloyd Argentina S.R.L,61000,12810,76860,Edelweiss Spedition
28/04/2025,1 - Factura A,331101,Exolgan Sociedad Anonima,683488,143532,895369,Edelweiss Spedition
28/04/2025,3 - Nota de Crédito A,28,Rodriguez Oscar Alejandro,-1282000,-269220,-1551220,Edelweiss Spedition
01/04/2025,1 - Factura A,8333,3 De Fierro Seguridad S.R.L.,64710,13589,78300,El Marques
02/04/2025,1 - Factura A,312,Quillotasegutex S.A.,9937942,2086967,12024910,El Marques
02/04/2025,1 - Factura A,3129371,Interbanking Sa,112430,23610,136040,Jofa
03/04/2025,1 - Factura A,18625,David Ricardo,14462,3037,17500,Jofa
03/04/2025,1 - Factura A,6424,Don Dante S R L,202000,42420,244420,Jofa
03/04/2025,11 - Factura C,4034,Union Industrial De Salta (U.I.S.),0,0,242719,Jofa
07/04/2025,1 - Factura A,352,Mendiolaza Fatima Jimena,1743304,366093,2109398,Jofa
08/04/2025,1 - Factura A,2314,Biofarma S A,17117324,3594638,20711962,Jofa
08/04/2025,1 - Factura A,23613,Topigs Norsvin Argentina S.R.L.,2227871,467853,2695724,Jofa
09/04/2025,1 - Factura A,4085,Mentesana Marcelo Gustavo,1823360,382905,2206266,Jofa
09/04/2025,1 - Factura A,12131,Ab-Mix Sociedad Anonima,12374693,1299342,13674036,Jofa
14/04/2025,1 - Factura A,163,Leselec Electricidad S. R. L.,480000,100800,580800,Jofa
15/04/2025,1 - Factura A,8396,Aerolineas Argentinas Sociedad Anonima,117611,24698,142309,Jofa
15/04/2025,1 - Factura A,1724,M B Energy  Sociedad De Resonsabilidad  Limitada,1629457,342186,2203911,Jofa
16/04/2025,1 - Factura A,23821,Topigs Norsvin Argentina S.R.L.,1985467,416948,2402416,Jofa
16/04/2025,1 - Factura A,179,Leselec Electricidad S. R. L.,1469028,283296,1752324,Jofa
16/04/2025,1 - Factura A,21985,Clm Nutricion S. R. L.,10921680,1146776,12068456,Jofa
16/04/2025,1 - Factura A,23851,Topigs Norsvin Argentina S.R.L.,17657678,1854056,19511734,Jofa
17/04/2025,1 - Factura A,42086,Bollini S A,17355,3644,21000,Jofa
17/04/2025,1 - Factura A,2344,Biofarma S A,12352550,2594035,14946585,Jofa
22/04/2025,1 - Factura A,567,Re Facundo Miguel,1380000,289800,1669800,Jofa
23/04/2025,1 - Factura A,2354,Biofarma S A,8322910,1747811,10070721,Jofa
23/04/2025,1 - Factura A,24015,Topigs Norsvin Argentina S.R.L.,1783056,374441,2157498,Jofa
25/04/2025,1 - Factura A,2358,Biofarma S A,957057,200982,1158039,Jofa
28/04/2025,1 - Factura A,38015,Centro Ganadero Srl,5047483,1059971,6107455,Jofa
28/04/2025,1 - Factura A,38039,Centro Ganadero Srl,4025231,845298,4870529,Jofa
28/04/2025,1 - Factura A,3149,Gallara Y Cia S.A.,8643584,1815152,10458737,Jofa
28/04/2025,1 - Factura A,38038,Centro Ganadero Srl,3526249,740512,4266761,Jofa
28/04/2025,1 - Factura A,228,Leselec Electricidad S. R. L.,314049,65950,379999,Jofa
28/04/2025,1 - Factura A,38037,Centro Ganadero Srl,3327817,698841,4026659,Jofa
28/04/2025,1 - Factura A,38040,Centro Ganadero Srl,15077913,3166361,18244275,Jofa
28/04/2025,3 - Nota de Crédito A,2851,Centro Ganadero Srl,-2261687,-474954,-2736641,Jofa
28/04/2025,11 - Factura C,1375,Retamoso Delia Cecilia,0,0,720000,Jofa
01/04/2025,1 - Factura A,7191,Decri Comercial  Sa,2705000,568050,3273050,L A R M Argentina
01/04/2025,1 - Factura A,7192,Decri Comercial  Sa,1306666,274400,1581066,L A R M Argentina
01/04/2025,11 - Factura C,275,Mastino Alejandro Martin,0,0,73000,L A R M Argentina
03/04/2025,11 - Factura C,53,Diaz Alberdi Dolores,0,0,1385850,L A R M Argentina
04/04/2025,1 - Factura A,384303,Sudameria Incoming Solutions S.R.L.,308221,3721,311943,L A R M Argentina
04/04/2025,11 - Factura C,280,Mastino Alejandro Martin,0,0,256800,L A R M Argentina
04/04/2025,11 - Factura C,281,Mastino Alejandro Martin,0,0,66900,L A R M Argentina
07/04/2025,1 - Factura A,384965,Sudameria Incoming Solutions S.R.L.,354561,3669,358231,L A R M Argentina
07/04/2025,11 - Factura C,337356,Colegio De Traductores Publicos De La Ciudad De Buenos Aires,0,0,18000,L A R M Argentina
08/04/2025,11 - Factura C,337516,Colegio De Traductores Publicos De La Ciudad De Buenos Aires,0,0,18000,L A R M Argentina
09/04/2025,11 - Factura C,337827,Colegio De Traductores Publicos De La Ciudad De Buenos Aires,0,0,18000,L A R M Argentina
09/04/2025,11 - Factura C,282,Mastino Alejandro Martin,0,0,576700,L A R M Argentina
09/04/2025,13 - Nota de Crédito C,4538,Colegio De Traductores Publicos De La Ciudad De Buenos Aires,0,0,-18000,L A R M Argentina
11/04/2025,1 - Factura A,2024,Dhl Express (Argentina) S.A.,158340,0,158340,L A R M Argentina
11/04/2025,11 - Factura C,338626,Colegio De Traductores Publicos De La Ciudad De Buenos Aires,0,0,18000,L A R M Argentina
14/04/2025,11 - Factura C,338993,Colegio De Traductores Publicos De La Ciudad De Buenos Aires,0,0,18000,L A R M Argentina
14/04/2025,11 - Factura C,338994,Colegio De Traductores Publicos De La Ciudad De Buenos Aires,0,0,18000,L A R M Argentina
15/04/2025,11 - Factura C,285,Mastino Alejandro Martin,0,0,501800,L A R M Argentina
16/04/2025,11 - Factura C,490,Ale Alejandra Beatriz,0,0,865000,L A R M Argentina
18/04/2025,1 - Factura A,5224553,Telecom Argentina Sociedad Anonima,78262,16435,98414,L A R M Argentina
22/04/2025,11 - Factura C,287,Mastino Alejandro Martin,0,0,416600,L A R M Argentina
23/04/2025,1 - Factura A,305488,Osde Organizacion De Servicios Directos Empresarios,603169,63332,698168,L A R M Argentina
24/04/2025,1 - Factura A,9049020,Telecom Argentina Sociedad Anonima,43747,9191,55377,L A R M Argentina
25/04/2025,1 - Factura A,22490,Muriega Cecilia Soledad,29763,6250,36013,L A R M Argentina
01/04/2025,1 - Factura A,391092,Credito Y Caucion S.A. Compañia De Seguros,43007,8824,51831,Liftvan International
01/04/2025,1 - Factura A,100393,Asmel Sa,83223,17476,100700,Liftvan International
01/04/2025,1 - Factura A,9746,Soda Tejeda S R L,255371,53628,309000,Liftvan International
01/04/2025,1 - Factura A,12516,Fadecco S. A.,1100174,231036,1336711,Liftvan International
01/04/2025,1 - Factura A,6952324,Autopistas Del Sol S A,201798,41143,243921,Liftvan International
01/04/2025,1 - Factura A,6016133,Grupo Concesionario Del Oeste Sa,36052,7571,43803,Liftvan International
01/04/2025,1 - Factura A,25109,Deposito Avellaneda Sur S.A.,3368880,707464,4076345,Liftvan International
01/04/2025,1 - Factura A,3995,N Y O Soft S.R.L.,74171,15576,89747,Liftvan International
01/04/2025,1 - Factura A,25114,Deposito Avellaneda Sur S.A.,1758969,369383,2128353,Liftvan International
01/04/2025,1 - Factura A,25110,Deposito Avellaneda Sur S.A.,390804,82068,472873,Liftvan International
01/04/2025,1 - Factura A,25111,Deposito Avellaneda Sur S.A.,2638865,554161,3193026,Liftvan International
01/04/2025,1 - Factura A,14856,A.M.Mensajeria Srl,994235,208789,1203025,Liftvan International
01/04/2025,1 - Factura A,275,Asin Jorge Alfredo,9000000,1890000,10890000,Liftvan International
01/04/2025,1 - Factura A,25934,United Airlines Inc.,215000,0,215000,Liftvan International
01/04/2025,1 - Factura A,274,Asin Jorge Alfredo,7500000,1575000,9075000,Liftvan International
01/04/2025,1 - Factura A,242,El Marques S A,5471250,1148962,6620212,Liftvan International
01/04/2025,1 - Factura A,365931,Terminal 4  S A,43740,9185,54434,Liftvan International
01/04/2025,1 - Factura A,365940,Terminal 4  S A,117004,24570,145670,Liftvan International
01/04/2025,11 - Factura C,1377,Burgos Hugo Gabriel,0,0,346519,Liftvan International
01/04/2025,11 - Factura C,1376,Burgos Hugo Gabriel,0,0,19982,Liftvan International
01/04/2025,11 - Factura C,366,Gimenez Diaz Cesar Oscar,0,0,1080000,Liftvan International
02/04/2025,1 - Factura A,745,Beraldi Ricardo Tomas,1100000,231000,1331000,Liftvan International
02/04/2025,11 - Factura C,171,Odriozola Nelson Matias,0,0,640000,Liftvan International
03/04/2025,1 - Factura A,1939,Sanabria Jose Saturino,1180340,247871,1428211,Liftvan International
03/04/2025,1 - Factura A,378,Rodriguez Oscar Alejandro,2868000,602280,3470280,Liftvan International
03/04/2025,11 - Factura C,30697,Asociacion Argentina De Agentes De Carga Internacional,0,0,75324,Liftvan International
03/04/2025,11 - Factura C,442,Ronconi Juan Ignacio,0,0,400000,Liftvan International
03/04/2025,11 - Factura C,191,Leiria Carlos Alberto,0,0,480000,Liftvan International
03/04/2025,11 - Factura C,68,Passerini Jorge Enrique,0,0,2000000,Liftvan International
03/04/2025,11 - Factura C,192,Leiria Carlos Alberto,0,0,1611000,Liftvan International
03/04/2025,15 - Recibo C,12473,Colegio De Traductores Publicos E Interpretes De La Provincia De Buenos Aires - Regional San Isidro,0,0,14000,Liftvan International
04/04/2025,1 - Factura A,225471,Aurelia S A C I Y F,727615,152799,884053,Liftvan International
04/04/2025,1 - Factura A,16470,Aeropuertos Argentina 2000 S A,19591,4115,23728,Liftvan International
04/04/2025,1 - Factura A,3190,Mis Genios S.R.L.,491650,103246,594896,Liftvan International
04/04/2025,1 - Factura A,1387,Pereyra Aldo Alejandro,60000,12600,72600,Liftvan International
04/04/2025,11 - Factura C,69,Rizzotto Roque Omar,0,0,689866,Liftvan International
05/04/2025,1 - Factura A,7741,Cavodeassi Gaston Diego,894292,187801,1082093,Liftvan International
05/04/2025,1 - Factura A,38716,Meriti Srl,492168,103355,595523,Liftvan International
05/04/2025,1 - Factura A,7746,Cavodeassi Gaston Diego,181853,38189,220042,Liftvan International
05/04/2025,1 - Factura A,1186830,Hapag-Lloyd Argentina S.R.L,116232,24408,141228,Liftvan International
05/04/2025,1 - Factura A,1186831,Hapag-Lloyd Argentina S.R.L,116232,24408,141228,Liftvan International
05/04/2025,1 - Factura A,7754,Cavodeassi Gaston Diego,931175,195546,1126721,Liftvan International
05/04/2025,1 - Factura A,177,Arg-Store S.A.,310000,65100,375100,Liftvan International
05/04/2025,1 - Factura A,178,Arg-Store S.A.,1400000,294000,1694000,Liftvan International
05/04/2025,1 - Factura A,95,I-Maticks Srl,130000,27300,157300,Liftvan International
07/04/2025,1 - Factura A,1187259,Hapag-Lloyd Argentina S.R.L,1338672,0,1338672,Liftvan International
07/04/2025,1 - Factura A,1187260,Hapag-Lloyd Argentina S.R.L,66800,14028,81162,Liftvan International
07/04/2025,1 - Factura A,290118,Telmex Argentina Sa,840624,183325,1023949,Liftvan International
07/04/2025,1 - Factura A,25163,Deposito Avellaneda Sur S.A.,2418305,507844,2926149,Liftvan International
07/04/2025,1 - Factura A,25161,Deposito Avellaneda Sur S.A.,1842702,386967,2229669,Liftvan International
07/04/2025,1 - Factura A,5350,L A R M Argentina Sociedad Anonima,805363,15375,820739,Liftvan International
07/04/2025,1 - Factura A,606250,Terminal 4  S A,1419877,298174,1767558,Liftvan International
07/04/2025,1 - Factura A,606252,Terminal 4  S A,1415495,297254,1762124,Liftvan International
07/04/2025,11 - Factura C,514480,Autopista Provincial Ap 01 Brigadier General Estanislao Lopez Fideicomiso,0,0,22600,Liftvan International
08/04/2025,1 - Factura A,103849,Ceviara S R L,157457,32542,190000,Liftvan International
08/04/2025,1 - Factura A,2154,Alfema Sociedad De Responsabilidad Limitada,3116475,0,3116475,Liftvan International
08/04/2025,1 - Factura A,98528,Murchison S A Estibajes Y Cargas Industrial Y Comercial,656360,137835,817168,Liftvan International
08/04/2025,1 - Factura A,1329091,Autopistas Urbanas S A,180282,37859,242480,Liftvan International
08/04/2025,1 - Factura A,25181,Deposito Avellaneda Sur S.A.,4667601,980196,5647798,Liftvan International
08/04/2025,1 - Factura A,25182,Deposito Avellaneda Sur S.A.,1770849,371878,2142728,Liftvan International
08/04/2025,1 - Factura A,278606,Amx Argentina Sociedad Anonima,303446,72168,392126,Liftvan International
08/04/2025,1 - Factura A,4298,Barzola Francisco Alejandro,627933,131865,759799,Liftvan International
08/04/2025,1 - Factura A,327811,Exolgan Sociedad Anonima,1141552,239726,1421232,Liftvan International
08/04/2025,1 - Factura A,52471,Terminales Rio De La Plata Sociedad Anonima,684317,143707,851857,Liftvan International
08/04/2025,3 - Nota de Crédito A,115168,Credito Y Caucion S.A. Compañia De Seguros,0,0,0,Liftvan International
08/04/2025,3 - Nota de Crédito A,115250,Credito Y Caucion S.A. Compañia De Seguros,-43007,-8824,-51831,Liftvan International
08/04/2025,13 - Nota de Crédito C,6245,Autopista Provincial Ap 01 Brigadier General Estanislao Lopez Fideicomiso,0,0,-22600,Liftvan International
09/04/2025,1 - Factura A,1001736,Edenred Argentina Sociedad Anonima,231330,48579,284535,Liftvan International
09/04/2025,1 - Factura A,25209,Deposito Avellaneda Sur S.A.,629500,132195,761695,Liftvan International
09/04/2025,1 - Factura A,25206,Deposito Avellaneda Sur S.A.,623145,130860,754006,Liftvan International
09/04/2025,1 - Factura A,25207,Deposito Avellaneda Sur S.A.,414811,87110,501921,Liftvan International
09/04/2025,1 - Factura A,1243925,Prosegur Activa Argentina Sa,54345,11412,66437,Liftvan International
09/04/2025,1 - Factura A,1243926,Prosegur Activa Argentina Sa,15204,3193,18588,Liftvan International
09/04/2025,1 - Factura A,1243927,Prosegur Activa Argentina Sa,60514,12708,73978,Liftvan International
09/04/2025,1 - Factura A,1243928,Prosegur Activa Argentina Sa,62833,13195,76813,Liftvan International
09/04/2025,1 - Factura A,1243929,Prosegur Activa Argentina Sa,62833,13195,76813,Liftvan International
09/04/2025,1 - Factura A,1243930,Prosegur Activa Argentina Sa,51757,10869,63273,Liftvan International
09/04/2025,1 - Factura A,1243931,Prosegur Activa Argentina Sa,62833,13195,76813,Liftvan International
09/04/2025,1 - Factura A,1243932,Prosegur Activa Argentina Sa,51106,10732,62477,Liftvan International
09/04/2025,1 - Factura A,1243933,Prosegur Activa Argentina Sa,57815,12141,70678,Liftvan International
09/04/2025,1 - Factura A,1243934,Prosegur Activa Argentina Sa,58674,12321,71729,Liftvan International
09/04/2025,1 - Factura A,1243935,Prosegur Activa Argentina Sa,58674,12321,71729,Liftvan International
09/04/2025,1 - Factura A,1243936,Prosegur Activa Argentina Sa,58263,12235,71227,Liftvan International
09/04/2025,1 - Factura A,25208,Deposito Avellaneda Sur S.A.,1267160,266103,1533264,Liftvan International
09/04/2025,1 - Factura A,267,Estudio Bosch Abogados S.R.L.,950000,199500,1149500,Liftvan International
09/04/2025,1 - Factura A,5355,L A R M Argentina Sociedad Anonima,2564931,48966,2613898,Liftvan International
09/04/2025,1 - Factura A,276,Asin Jorge Alfredo,6500000,1365000,7865000,Liftvan International
09/04/2025,11 - Factura C,576433,Autopista Provincial Ap 01 Brigadier General Estanislao Lopez Fideicomiso,0,0,17500,Liftvan International
09/04/2025,11 - Factura C,69,Passerini Jorge Enrique,0,0,2000000,Liftvan International
09/04/2025,11 - Factura C,23,Cejas Camila De Los Angeles,0,0,3700000,Liftvan International
10/04/2025,1 - Factura A,14851,Wisetech Global (Argentina) S.A.U.,625696,131396,757092,Liftvan International
10/04/2025,1 - Factura A,25212,Deposito Avellaneda Sur S.A.,711471,149408,860880,Liftvan International
10/04/2025,1 - Factura A,2532,Mazurkiewich Ramon Daniel,960000,201600,1161600,Liftvan International
10/04/2025,1 - Factura A,381,Rodriguez Oscar Alejandro,1099000,230790,1329790,Liftvan International
10/04/2025,3 - Nota de Crédito A,513,L A R M Argentina Sociedad Anonima,-2564931,-48966,-2613898,Liftvan International
10/04/2025,11 - Factura C,1849,Fernandez Marcelo Adrian,0,0,1041602,Liftvan International
10/04/2025,11 - Factura C,1813,Pais Furtado Javier Alejandro,0,0,1003455,Liftvan International
10/04/2025,11 - Factura C,1848,Fernandez Marcelo Adrian,0,0,104160,Liftvan International
10/04/2025,11 - Factura C,1000,Gentile Maria Rosa,0,0,35000,Liftvan International
10/04/2025,11 - Factura C,194,Leiria Carlos Alberto,0,0,520000,Liftvan International
10/04/2025,11 - Factura C,195,Leiria Carlos Alberto,0,0,574000,Liftvan International
10/04/2025,13 - Nota de Crédito C,3,Fernandez Marcelo Adrian,0,0,-104160,Liftvan International
11/04/2025,1 - Factura A,225924,Aurelia S A C I Y F,760460,159696,923959,Liftvan International
11/04/2025,1 - Factura A,16688,Aeropuertos Argentina 2000 S A,72769,15277,88047,Liftvan International
11/04/2025,1 - Factura A,775575,Telefonica Moviles Argentina Sociedad Anonima,65387,17654,88445,Liftvan International
14/04/2025,1 - Factura A,52454,Chiemese S.A.,268766,55314,324080,Liftvan International
14/04/2025,1 - Factura A,8793698,Corredores Viales Sociedad Anonima,20799,4367,25271,Liftvan International
14/04/2025,1 - Factura A,8763937,Corredores Viales Sociedad Anonima,12479,2620,15162,Liftvan International
14/04/2025,1 - Factura A,8807852,Corredores Viales Sociedad Anonima,6239,1310,7581,Liftvan International
14/04/2025,1 - Factura A,1335060,Autopistas Urbanas S A,135778,28513,181193,Liftvan International
14/04/2025,1 - Factura A,8828306,Corredores Viales Sociedad Anonima,6239,1310,7581,Liftvan International
14/04/2025,1 - Factura A,8380,Oslomarpe Sa,156757,30242,187000,Liftvan International
14/04/2025,1 - Factura A,25252,Deposito Avellaneda Sur S.A.,2244285,471300,2715585,Liftvan International
14/04/2025,1 - Factura A,25253,Deposito Avellaneda Sur S.A.,1725979,362455,2088435,Liftvan International
14/04/2025,1 - Factura A,25254,Deposito Avellaneda Sur S.A.,1760708,369748,2130457,Liftvan International
14/04/2025,1 - Factura A,328854,Exolgan Sociedad Anonima,394002,82740,490533,Liftvan International
14/04/2025,1 - Factura A,54792,Terminales Rio De La Plata Sociedad Anonima,567407,119155,706361,Liftvan International
14/04/2025,3 - Nota de Crédito A,1991,Deposito Avellaneda Sur S.A.,-1725979,-362455,-2088435,Liftvan International
14/04/2025,3 - Nota de Crédito A,514,L A R M Argentina Sociedad Anonima,-37210,-710,-37922,Liftvan International
14/04/2025,3 - Nota de Crédito A,515,L A R M Argentina Sociedad Anonima,-853776,-179292,-1033068,Liftvan International
15/04/2025,1 - Factura A,226162,Aurelia S A C I Y F,384514,80748,467185,Liftvan International
15/04/2025,1 - Factura A,36080,Murchison S A Estibajes Y Cargas Industrial Y Comercial,1799875,377973,2240844,Liftvan International
15/04/2025,1 - Factura A,4283834,Autopistas De Buenos Aires (Aubasa) Sa S. A.,187630,39402,233600,Liftvan International
15/04/2025,1 - Factura A,4185695,Coordinacion Ecologica Area Metropolitana Sociedad Del Estado,50009,10502,62012,Liftvan International
15/04/2025,1 - Factura A,5358,L A R M Argentina Sociedad Anonima,2564931,48966,2613898,Liftvan International
15/04/2025,1 - Factura A,382,Rodriguez Oscar Alejandro,903000,189630,1092630,Liftvan International
15/04/2025,1 - Factura A,1926,Sumay Maria Veronica,49078,5921,55000,Liftvan International
15/04/2025,3 - Nota de Crédito A,516,L A R M Argentina Sociedad Anonima,-2564931,-48966,-2613898,Liftvan International
15/04/2025,11 - Factura C,309,Kay Santiago Federico,0,0,430000,Liftvan International
15/04/2025,11 - Factura C,197,Leiria Carlos Alberto,0,0,168000,Liftvan International
15/04/2025,11 - Factura C,199,Leiria Carlos Alberto,0,0,640000,Liftvan International
15/04/2025,11 - Factura C,196,Leiria Carlos Alberto,0,0,808000,Liftvan International
15/04/2025,11 - Factura C,70,Passerini Jorge Enrique,0,0,1555000,Liftvan International
15/04/2025,11 - Factura C,258,Pochat Alurralde Juan Manuel,0,0,2156400,Liftvan International
16/04/2025,1 - Factura A,13679,Logisa Srl,36400,7644,44044,Liftvan International
16/04/2025,1 - Factura A,1003594,Edenred Argentina Sociedad Anonima,174035,36547,214063,Liftvan International
16/04/2025,1 - Factura A,5951,Perronnet Juan Pedro,630373,132378,762752,Liftvan International
16/04/2025,1 - Factura A,5953,Perronnet Juan Pedro,443604,93156,536761,Liftvan International
16/04/2025,1 - Factura A,271670,Bank S. A.,344400,72324,416724,Liftvan International
16/04/2025,1 - Factura A,7013770,Autopistas Del Sol S A,171269,34919,207020,Liftvan International
16/04/2025,1 - Factura A,6058199,Grupo Concesionario Del Oeste Sa,31892,6697,38749,Liftvan International
16/04/2025,1 - Factura A,329057,Exolgan Sociedad Anonima,2956034,620767,3680262,Liftvan International
16/04/2025,3 - Nota de Crédito A,14446,Aurelia S A C I Y F,-384514,-80748,-467185,Liftvan International
16/04/2025,11 - Factura C,205,Leiria Carlos Alberto,0,0,200000,Liftvan International
16/04/2025,11 - Factura C,766,Cesari Santiago Javier,0,0,10000,Liftvan International
16/04/2025,11 - Factura C,201,Leiria Carlos Alberto,0,0,200000,Liftvan International
16/04/2025,11 - Factura C,202,Leiria Carlos Alberto,0,0,200000,Liftvan International
16/04/2025,11 - Factura C,203,Leiria Carlos Alberto,0,0,200000,Liftvan International
16/04/2025,11 - Factura C,204,Leiria Carlos Alberto,0,0,200000,Liftvan International
17/04/2025,1 - Factura A,123407,Saco Shipping Sa,1081990,96130,1180409,Liftvan International
17/04/2025,1 - Factura A,16854,Aeropuertos Argentina 2000 S A,100920,21193,122113,Liftvan International
17/04/2025,1 - Factura A,25294,Deposito Avellaneda Sur S.A.,3583270,752486,4335757,Liftvan International
17/04/2025,3 - Nota de Crédito A,1995,Deposito Avellaneda Sur S.A.,-3583270,-752486,-4335757,Liftvan International
21/04/2025,1 - Factura A,249510,Ocean Network Express Argentina S. A.,934185,0,934185,Liftvan International
21/04/2025,1 - Factura A,153651,Administrative Processing Center Sa S. A.,27107,5692,32800,Liftvan International
21/04/2025,1 - Factura A,1191290,Hapag-Lloyd Argentina S.R.L,962625,0,962625,Liftvan International
21/04/2025,1 - Factura A,1191292,Hapag-Lloyd Argentina S.R.L,962625,0,962625,Liftvan International
21/04/2025,1 - Factura A,123413,Saco Shipping Sa,216434,45451,262967,Liftvan International
21/04/2025,1 - Factura A,249505,Ocean Network Express Argentina S. A.,934185,0,934185,Liftvan International
21/04/2025,1 - Factura A,153646,Administrative Processing Center Sa S. A.,27107,5692,32800,Liftvan International
21/04/2025,1 - Factura A,25307,Deposito Avellaneda Sur S.A.,3948392,829162,4777554,Liftvan International
21/04/2025,1 - Factura A,322719,Exolgan Sociedad Anonima,1419979,298195,1767874,Liftvan International
22/04/2025,1 - Factura A,394582,Credito Y Caucion S.A. Compañia De Seguros,71628,14685,86313,Liftvan International
22/04/2025,1 - Factura A,1191563,Hapag-Lloyd Argentina S.R.L,56900,11949,69133,Liftvan International
22/04/2025,1 - Factura A,1191611,Hapag-Lloyd Argentina S.R.L,545102,0,545102,Liftvan International
22/04/2025,1 - Factura A,672,Mabellini Carlos Alberto,690572,108427,799000,Liftvan International
22/04/2025,1 - Factura A,2436464,Corredores Viales Sociedad Anonima,31615,6639,38412,Liftvan International
22/04/2025,1 - Factura A,25321,Deposito Avellaneda Sur S.A.,1395000,292950,1687950,Liftvan International
22/04/2025,1 - Factura A,25319,Deposito Avellaneda Sur S.A.,1857024,389975,2247000,Liftvan International
22/04/2025,1 - Factura A,188403,Star Shipping Argentina Sociedad Anonima,624750,0,624750,Liftvan International
22/04/2025,1 - Factura A,153841,Administrative Processing Center Sa S. A.,7745,1626,9371,Liftvan International
22/04/2025,1 - Factura A,25320,Deposito Avellaneda Sur S.A.,742690,155965,898656,Liftvan International
22/04/2025,1 - Factura A,384,Rodriguez Oscar Alejandro,356000,74760,430760,Liftvan International
22/04/2025,1 - Factura A,610277,Terminal 4  S A,394050,82750,490570,Liftvan International
22/04/2025,1 - Factura A,329757,Exolgan Sociedad Anonima,401065,84223,499326,Liftvan International
22/04/2025,1 - Factura A,108020,Exolgan Sociedad Anonima,76590,16083,95354,Liftvan International
22/04/2025,11 - Factura C,430,Jara Valentin Alberto,0,0,125000,Liftvan International
22/04/2025,11 - Factura C,100,Martinez Pollitzer Jimena,0,0,865800,Liftvan International
22/04/2025,11 - Factura C,259,Pochat Alurralde Juan Manuel,0,0,786443,Liftvan International
23/04/2025,1 - Factura A,146801,Coto Centro Integral De Comercializacion Sociedad Anonima,192171,40356,239234,Liftvan International
23/04/2025,1 - Factura A,1358476,Autopistas Urbanas S A,175057,36761,235452,Liftvan International
23/04/2025,1 - Factura A,3405,Tl S.R.L,212000,44520,256520,Liftvan International
23/04/2025,1 - Factura A,25341,Deposito Avellaneda Sur S.A.,2796238,587209,3383447,Liftvan International
23/04/2025,1 - Factura A,25338,Deposito Avellaneda Sur S.A.,3432093,720739,4152833,Liftvan International
23/04/2025,1 - Factura A,305005,Osde Organizacion De Servicios Directos Empresarios,2637539,276941,2949527,Liftvan International
23/04/2025,1 - Factura A,278,Asin Jorge Alfredo,7000000,1470000,8470000,Liftvan International
23/04/2025,1 - Factura A,1938,Sumay Maria Veronica,29828,5171,35000,Liftvan International
23/04/2025,1 - Factura A,407,Two  Libreria Srl,265733,52478,318212,Liftvan International
23/04/2025,1 - Factura A,386,Rodriguez Oscar Alejandro,664000,139440,803440,Liftvan International
23/04/2025,1 - Factura A,2052,Errands Comercial S.R.L.,323050,67840,390890,Liftvan International
23/04/2025,1 - Factura A,1616,Navarro Cesar Omar,1487250,312322,1799572,Liftvan International
24/04/2025,1 - Factura A,1006205,Edenred Argentina Sociedad Anonima,80846,16977,99441,Liftvan International
24/04/2025,1 - Factura A,104324,Ceviara S R L,90578,16921,107500,Liftvan International
24/04/2025,1 - Factura A,9041983,Telecom Argentina Sociedad Anonima,593403,126727,740916,Liftvan International
24/04/2025,3 - Nota de Crédito A,1996,Deposito Avellaneda Sur S.A.,-330060,-69312,-399373,Liftvan International
24/04/2025,11 - Factura C,25,Cejas Camila De Los Angeles,0,0,120000,Liftvan International
24/04/2025,11 - Factura C,206,Leiria Carlos Alberto,0,0,1210000,Liftvan International
24/04/2025,11 - Factura C,208,Leiria Carlos Alberto,0,0,380000,Liftvan International
25/04/2025,1 - Factura A,9584,Urresti Joaquin Esteban,293274,44467,337743,Liftvan International
25/04/2025,1 - Factura A,226841,Aurelia S A C I Y F,330660,69438,401752,Liftvan International
25/04/2025,1 - Factura A,9590,Urresti Joaquin Esteban,231218,36827,268045,Liftvan International
25/04/2025,1 - Factura A,9585,Urresti Joaquin Esteban,232383,37071,269455,Liftvan International
25/04/2025,1 - Factura A,9582,Urresti Joaquin Esteban,244376,33726,278103,Liftvan International
25/04/2025,1 - Factura A,25369,Deposito Avellaneda Sur S.A.,1300872,273183,1574055,Liftvan International
25/04/2025,1 - Factura A,9586,Urresti Joaquin Esteban,253732,41082,294815,Liftvan International
25/04/2025,1 - Factura A,9580,Urresti Joaquin Esteban,434320,73141,507463,Liftvan International
25/04/2025,1 - Factura A,25368,Deposito Avellaneda Sur S.A.,2722855,571799,3294654,Liftvan International
25/04/2025,1 - Factura A,9583,Urresti Joaquin Esteban,523229,89922,613153,Liftvan International
25/04/2025,1 - Factura A,9587,Urresti Joaquin Esteban,409733,67978,477713,Liftvan International
25/04/2025,1 - Factura A,9581,Urresti Joaquin Esteban,224193,35351,259545,Liftvan International
25/04/2025,1 - Factura A,9589,Urresti Joaquin Esteban,325436,50276,375713,Liftvan International
25/04/2025,1 - Factura A,25386,Deposito Avellaneda Sur S.A.,1845568,387569,2233137,Liftvan International
25/04/2025,1 - Factura A,447,Spitzer Liliana Carlota,59100,12411,71511,Liftvan International
25/04/2025,1 - Factura A,120,Solfeal S.A.S.,636400,133644,770044,Liftvan International
25/04/2025,1 - Factura A,323722,Exolgan Sociedad Anonima,431970,90713,537802,Liftvan International
25/04/2025,1 - Factura A,323753,Exolgan Sociedad Anonima,428447,89974,533417,Liftvan International
25/04/2025,11 - Factura C,314,Kay Santiago Federico,0,0,230000,Liftvan International
28/04/2025,1 - Factura A,1945,Sanabria Jose Saturino,280560,58917,339477,Liftvan International
28/04/2025,1 - Factura A,24,Gonzalez Sebastian Enrique,260000,54600,314600,Liftvan International
28/04/2025,1 - Factura A,388,Rodriguez Oscar Alejandro,1585000,332850,1917850,Liftvan International
28/04/2025,1 - Factura A,23,Gonzalez Sebastian Enrique,260,54,314,Liftvan International
28/04/2025,1 - Factura A,330874,Exolgan Sociedad Anonima,1426572,299580,1776082,Liftvan International
28/04/2025,1 - Factura A,330875,Exolgan Sociedad Anonima,1221130,256437,1520307,Liftvan International
28/04/2025,1 - Factura A,330878,Exolgan Sociedad Anonima,429399,90173,534602,Liftvan International
28/04/2025,1 - Factura A,330879,Exolgan Sociedad Anonima,1425286,299310,1774482,Liftvan International
28/04/2025,3 - Nota de Crédito A,14524,Aurelia S A C I Y F,-99631,-20922,-120554,Liftvan International
28/04/2025,3 - Nota de Crédito A,27,Rodriguez Oscar Alejandro,-356000,-74760,-430760,Liftvan International
01/04/2025,1 - Factura A,222542,Pacifico Compañia De Seguros S.A. S. A.,103795,21793,127862,Mercovan Argentina
01/04/2025,1 - Factura A,120526,Easymail Sa,50819,10672,61491,Mercovan Argentina
01/04/2025,1 - Factura A,11088,Norauto Argentina Sa,33719,7080,42452,Mercovan Argentina
01/04/2025,1 - Factura A,892,Acrogliano Carlos Ricardo,904086,189858,1093944,Mercovan Argentina
01/04/2025,1 - Factura A,31208,Lopez Y San Roman Sa,93886,19716,113603,Mercovan Argentina
01/04/2025,1 - Factura A,1185877,Hapag-Lloyd Argentina S.R.L,334772,0,334772,Mercovan Argentina
01/04/2025,1 - Factura A,28748,Compañia De Servicios En Seguridad S.R.L.,74856,15719,90575,Mercovan Argentina
01/04/2025,1 - Factura A,13322,Logisa Srl,61600,12936,74536,Mercovan Argentina
01/04/2025,1 - Factura A,33170,Huxley S.A.,49230,10338,59568,Mercovan Argentina
01/04/2025,1 - Factura A,5990263,Grupo Concesionario Del Oeste Sa,5084,1067,6401,Mercovan Argentina
01/04/2025,1 - Factura A,5990264,Grupo Concesionario Del Oeste Sa,1155,242,1450,Mercovan Argentina
01/04/2025,1 - Factura A,6946165,Autopistas Del Sol S A,16304,3324,20406,Mercovan Argentina
01/04/2025,1 - Factura A,6946166,Autopistas Del Sol S A,4760,970,5957,Mercovan Argentina
01/04/2025,1 - Factura A,25124,Deposito Avellaneda Sur S.A.,2244318,471306,2715625,Mercovan Argentina
01/04/2025,1 - Factura A,1199932,Omint Sociedad Anonima De Servicios,1365297,0,1445849,Mercovan Argentina
01/04/2025,1 - Factura A,130,Papaianni Maria Teresa,225250,47302,272552,Mercovan Argentina
01/04/2025,1 - Factura A,125,Incosa S A I C,437250,91822,529072,Mercovan Argentina
01/04/2025,1 - Factura A,9157,Cosco Shipping Lines ( Argentina ) Sa,740592,0,740592,Mercovan Argentina
02/04/2025,11 - Factura C,173,Odriozola Nelson Matias,0,0,233500,Mercovan Argentina
02/04/2025,11 - Factura C,200,Alais Marta Ines,0,0,300000,Mercovan Argentina
03/04/2025,1 - Factura A,966,Gutierrez Mirta Graciela,15206,3193,18400,Mercovan Argentina
03/04/2025,1 - Factura A,106615,Corupel Sa,3359976,705595,4267170,Mercovan Argentina
03/04/2025,1 - Factura A,94582,Sis Ingenieria Srl,106921,22453,129375,Mercovan Argentina
03/04/2025,1 - Factura A,597,Agostino Ninone Anibal Salvador,1400000,294000,1694000,Mercovan Argentina
03/04/2025,1 - Factura A,320386,Exolgan Sociedad Anonima,630069,132314,812159,Mercovan Argentina
03/04/2025,1 - Factura A,2391,Terminales Rio De La Plata Sociedad Anonima,196965,41362,253887,Mercovan Argentina
03/04/2025,11 - Factura C,444,Ronconi Juan Ignacio,0,0,609000,Mercovan Argentina
03/04/2025,11 - Factura C,537,Rufino Natalia,0,0,233500,Mercovan Argentina
03/04/2025,15 - Recibo C,82226,Obispado De San Isidro,0,0,350000,Mercovan Argentina
04/04/2025,1 - Factura A,13392,Logisa Srl,202240,42470,244710,Mercovan Argentina
04/04/2025,1 - Factura A,1940,Sanabria Jose Saturino,820530,172311,992841,Mercovan Argentina
04/04/2025,1 - Factura A,327522,Exolgan Sociedad Anonima,87540,18383,112839,Mercovan Argentina
04/04/2025,1 - Factura A,51377,Terminales Rio De La Plata Sociedad Anonima,674781,141704,869120,Mercovan Argentina
04/04/2025,11 - Factura C,68,Rizzotto Roque Omar,0,0,327900,Mercovan Argentina
05/04/2025,1 - Factura A,327094,Cañuelas Gas Sociedad Anonima,17375,1824,20355,Mercovan Argentina
07/04/2025,1 - Factura A,1187273,Hapag-Lloyd Argentina S.R.L,669336,0,669336,Mercovan Argentina
07/04/2025,1 - Factura A,1187274,Hapag-Lloyd Argentina S.R.L,66800,14028,83834,Mercovan Argentina
07/04/2025,1 - Factura A,2086,Cargo Logistics Exim S.R.L.,842192,24161,866354,Mercovan Argentina
07/04/2025,1 - Factura A,2087,Cargo Logistics Exim S.R.L.,1646582,24161,1670744,Mercovan Argentina
07/04/2025,1 - Factura A,2908,Taller Claudio S R L,361487,75912,437400,Mercovan Argentina
07/04/2025,1 - Factura A,1187438,Hapag-Lloyd Argentina S.R.L,614560,0,614560,Mercovan Argentina
07/04/2025,1 - Factura A,2395740,Corredores Viales Sociedad Anonima,37543,7884,47266,Mercovan Argentina
07/04/2025,1 - Factura A,2395741,Corredores Viales Sociedad Anonima,10815,2271,13617,Mercovan Argentina
07/04/2025,1 - Factura A,25164,Deposito Avellaneda Sur S.A.,1312380,275599,1587980,Mercovan Argentina
07/04/2025,1 - Factura A,51988,Terminales Rio De La Plata Sociedad Anonima,1240631,260531,1596625,Mercovan Argentina
08/04/2025,1 - Factura A,49658,Hiperbaires Srl,68800,14448,86619,Mercovan Argentina
08/04/2025,1 - Factura A,81,Movigruas Sa,330000,69300,399300,Mercovan Argentina
08/04/2025,1 - Factura A,2671,Cooperativa De Trabajo La Central Sodera Limitada,31818,6681,38500,Mercovan Argentina
08/04/2025,1 - Factura A,960361,Autopistas Urbanas S A,56448,11854,78180,Mercovan Argentina
08/04/2025,1 - Factura A,958814,Autopistas Urbanas S A,45093,9469,62455,Mercovan Argentina
08/04/2025,1 - Factura A,25183,Deposito Avellaneda Sur S.A.,2209472,463989,2673462,Mercovan Argentina
08/04/2025,1 - Factura A,4573,Pereyra Iraola Pedro Martin,162900,27048,189948,Mercovan Argentina
08/04/2025,1 - Factura A,327810,Exolgan Sociedad Anonima,651182,136748,839374,Mercovan Argentina
08/04/2025,1 - Factura A,327874,Exolgan Sociedad Anonima,491422,103198,633442,Mercovan Argentina
08/04/2025,1 - Factura A,52473,Terminales Rio De La Plata Sociedad Anonima,862925,181215,1110356,Mercovan Argentina
08/04/2025,1 - Factura A,52474,Terminales Rio De La Plata Sociedad Anonima,1371353,287985,1766590,Mercovan Argentina
08/04/2025,1 - Factura A,52511,Terminales Rio De La Plata Sociedad Anonima,1337384,280851,1721949,Mercovan Argentina
08/04/2025,11 - Factura C,22,Cejas Camila De Los Angeles,0,0,90000,Mercovan Argentina
09/04/2025,1 - Factura A,9855,Capitan Cortes S A C I F I Y A,59039,12398,71437,Mercovan Argentina
09/04/2025,1 - Factura A,152501,Administrative Processing Center Sa S. A.,7745,1626,9371,Mercovan Argentina
09/04/2025,1 - Factura A,51224,Cma Cgm Argentina Sa,295522,0,295522,Mercovan Argentina
09/04/2025,1 - Factura A,51661,Brings Austral S A,14426,3029,18163,Mercovan Argentina
09/04/2025,1 - Factura A,51662,Brings Austral S A,346243,0,346243,Mercovan Argentina
09/04/2025,1 - Factura A,53096,Terminales Rio De La Plata Sociedad Anonima,443880,93214,571618,Mercovan Argentina
09/04/2025,1 - Factura A,53097,Terminales Rio De La Plata Sociedad Anonima,439496,92294,566182,Mercovan Argentina
10/04/2025,1 - Factura A,854,Boscaglio Liliana Del Carmen,150000,31500,181500,Mercovan Argentina
10/04/2025,1 - Factura A,852,Boscaglio Liliana Del Carmen,160000,33600,193600,Mercovan Argentina
10/04/2025,1 - Factura A,853,Boscaglio Liliana Del Carmen,160000,33600,193600,Mercovan Argentina
11/04/2025,1 - Factura A,33442,Huxley S.A.,49376,10369,59745,Mercovan Argentina
11/04/2025,1 - Factura A,25221,Deposito Avellaneda Sur S.A.,1297523,272480,1570003,Mercovan Argentina
11/04/2025,1 - Factura A,607544,Terminal 4  S A,1989614,417818,2467121,Mercovan Argentina
11/04/2025,1 - Factura A,321793,Exolgan Sociedad Anonima,397879,83554,512866,Mercovan Argentina
12/04/2025,1 - Factura A,30273,Operadora De Estaciones De Servicios Sa,30777,6463,45582,Mercovan Argentina
14/04/2025,1 - Factura A,969333,Autopistas Urbanas S A,41318,8676,57226,Mercovan Argentina
14/04/2025,1 - Factura A,8747067,Corredores Viales Sociedad Anonima,3119,655,3915,Mercovan Argentina
14/04/2025,1 - Factura A,964782,Autopistas Urbanas S A,81845,17187,113355,Mercovan Argentina
14/04/2025,1 - Factura A,8792831,Corredores Viales Sociedad Anonima,4159,873,5237,Mercovan Argentina
14/04/2025,1 - Factura A,25250,Deposito Avellaneda Sur S.A.,1920807,403369,2324177,Mercovan Argentina
14/04/2025,1 - Factura A,2483,Terminales Rio De La Plata Sociedad Anonima,367662,77209,473922,Mercovan Argentina
14/04/2025,1 - Factura A,2484,Terminales Rio De La Plata Sociedad Anonima,367662,77209,473922,Mercovan Argentina
14/04/2025,11 - Factura C,447,Rodriguez Damian Rodolfo,0,0,120600,Mercovan Argentina
14/04/2025,11 - Factura C,75,Aughy Mauricio Enrique,0,0,40000,Mercovan Argentina
15/04/2025,1 - Factura A,34475,Storage Compat S.A.,504676,105982,612676,Mercovan Argentina
15/04/2025,1 - Factura A,8883604,Corredores Viales Sociedad Anonima,16639,3494,20949,Mercovan Argentina
15/04/2025,1 - Factura A,1632153,Ypf Sociedad Anonima,470582,98822,676953,Mercovan Argentina
15/04/2025,1 - Factura A,4281276,Autopistas De Buenos Aires (Aubasa) Sa S. A.,135874,28533,175141,Mercovan Argentina
15/04/2025,1 - Factura A,4281277,Autopistas De Buenos Aires (Aubasa) Sa S. A.,70099,14720,90358,Mercovan Argentina
16/04/2025,1 - Factura A,16997,Mundo Autopartes S.R.L.,280165,58834,340120,Mercovan Argentina
16/04/2025,1 - Factura A,271669,Bank S. A.,129150,27121,162083,Mercovan Argentina
16/04/2025,1 - Factura A,7007749,Autopistas Del Sol S A,6426,1310,8043,Mercovan Argentina
16/04/2025,1 - Factura A,7007750,Autopistas Del Sol S A,2380,485,2969,Mercovan Argentina
16/04/2025,1 - Factura A,609330,Terminal 4  S A,2177223,457216,2699756,Mercovan Argentina
16/04/2025,1 - Factura A,329054,Exolgan Sociedad Anonima,1267293,266131,1633541,Mercovan Argentina
17/04/2025,1 - Factura A,9036876,Telecom Argentina Sociedad Anonima,363289,76973,468048,Mercovan Argentina
17/04/2025,1 - Factura A,25291,Deposito Avellaneda Sur S.A.,1226626,257591,1484218,Mercovan Argentina
17/04/2025,11 - Factura C,506,Cigno Juan Horacio,0,0,70000,Mercovan Argentina
18/04/2025,1 - Factura A,5260128,Telecom Argentina Sociedad Anonima,37245,7821,47859,Mercovan Argentina
18/04/2025,1 - Factura A,21064,Montastruc Graciela Isabel,57851,12148,70000,Mercovan Argentina
18/04/2025,11 - Factura C,47,Pie Faustino Esteban,0,0,66000,Mercovan Argentina
18/04/2025,11 - Factura C,259,Quero Pablo Fernando,0,0,129999,Mercovan Argentina
21/04/2025,1 - Factura A,33624,Huxley S.A.,52200,10962,63162,Mercovan Argentina
21/04/2025,1 - Factura A,1191043,Hapag-Lloyd Argentina S.R.L,357000,0,357000,Mercovan Argentina
21/04/2025,1 - Factura A,33665,Huxley S.A.,49950,10489,60439,Mercovan Argentina
21/04/2025,1 - Factura A,4049677,Telecom Argentina Sociedad Anonima,161251,43538,216883,Mercovan Argentina
21/04/2025,1 - Factura A,322685,Exolgan Sociedad Anonima,1400027,294005,1804635,Mercovan Argentina
21/04/2025,11 - Factura C,24,Cejas Camila De Los Angeles,0,0,150000,Mercovan Argentina
21/04/2025,11 - Factura C,68,Garzaniti Fernando Adrian,0,0,958000,Mercovan Argentina
22/04/2025,1 - Factura A,2422548,Corredores Viales Sociedad Anonima,3951,829,4975,Mercovan Argentina
22/04/2025,1 - Factura A,2422549,Corredores Viales Sociedad Anonima,4159,873,5237,Mercovan Argentina
22/04/2025,1 - Factura A,25325,Deposito Avellaneda Sur S.A.,1887338,396341,2283679,Mercovan Argentina
22/04/2025,1 - Factura A,51547,Cma Cgm Argentina Sa,290117,0,290117,Mercovan Argentina
22/04/2025,1 - Factura A,51548,Cma Cgm Argentina Sa,174070,36554,210625,Mercovan Argentina
22/04/2025,1 - Factura A,51545,Cma Cgm Argentina Sa,522031,0,522031,Mercovan Argentina
22/04/2025,1 - Factura A,329800,Exolgan Sociedad Anonima,404151,84871,520950,Mercovan Argentina
22/04/2025,1 - Factura A,51546,Cma Cgm Argentina Sa,174010,36542,210552,Mercovan Argentina
23/04/2025,1 - Factura A,249783,Ocean Network Express Argentina S. A.,81555,17126,102358,Mercovan Argentina
23/04/2025,1 - Factura A,249784,Ocean Network Express Argentina S. A.,319948,0,319948,Mercovan Argentina
23/04/2025,1 - Factura A,153938,Administrative Processing Center Sa S. A.,27107,5692,32800,Mercovan Argentina
23/04/2025,1 - Factura A,1111,Nuevo Hotel Parador S. R. L.,44628,9371,54000,Mercovan Argentina
23/04/2025,1 - Factura A,17286,Fuertes Hernan Dario,306283,64319,370603,Mercovan Argentina
23/04/2025,1 - Factura A,981709,Autopistas Urbanas S A,48763,10240,67536,Mercovan Argentina
23/04/2025,1 - Factura A,983228,Autopistas Urbanas S A,64405,13525,89202,Mercovan Argentina
23/04/2025,1 - Factura A,133722,Pluscargo Argentina S A S. A.,845250,10290,857745,Mercovan Argentina
23/04/2025,1 - Factura A,857,Boscaglio Liliana Del Carmen,172000,36120,208120,Mercovan Argentina
23/04/2025,1 - Factura A,856,Boscaglio Liliana Del Carmen,196800,41328,238128,Mercovan Argentina
23/04/2025,1 - Factura A,858,Boscaglio Liliana Del Carmen,120000,25200,145200,Mercovan Argentina
23/04/2025,1 - Factura A,323656,Exolgan Sociedad Anonima,403312,84695,519869,Mercovan Argentina
24/04/2025,1 - Factura A,333659,Cañuelas Gas Sociedad Anonima,17375,1824,20355,Mercovan Argentina
24/04/2025,1 - Factura A,611614,Terminal 4  S A,422370,88697,523738,Mercovan Argentina
24/04/2025,11 - Factura C,38,Tamborini Victoria,0,0,1080000,Mercovan Argentina
25/04/2025,1 - Factura A,24545,Mascaro Jorge Carlos,99975,20994,120970,Mercovan Argentina
25/04/2025,1 - Factura A,25367,Deposito Avellaneda Sur S.A.,1125229,236298,1361527,Mercovan Argentina
25/04/2025,1 - Factura A,859,Boscaglio Liliana Del Carmen,120000,25200,145200,Mercovan Argentina
28/04/2025,1 - Factura A,1193106,Hapag-Lloyd Argentina S.R.L,17020,0,17020,Mercovan Argentina
28/04/2025,1 - Factura A,52682,Chiemese S.A.,290966,59976,363794,Mercovan Argentina
01/04/2025,1 - Factura A,23029,Puro Norte Sa,49981,10496,60478,Nerococina
01/04/2025,1 - Factura A,424817,Soluciones Online Sa,93000,19530,112530,Nerococina
01/04/2025,11 - Factura C,10,Santos Patricio Ezequiel,0,0,2121408,Nerococina
02/04/2025,1 - Factura A,792891,Verisure Argentina Monitoreo De Alarmas Sa,57893,12157,70051,Nerococina
03/04/2025,1 - Factura A,26332,Supermercados Mayoristas Makro Sa,217350,43715,280351,Nerococina
04/04/2025,1 - Factura A,258,Arta De Gonzalez S.R.L.,176617,18544,195161,Nerococina
04/04/2025,1 - Factura A,134,Angel Y Oscar Deli  S. A.,15318,1981,17300,Nerococina
05/04/2025,1 - Factura A,548410,Distribuidora El Criollo Srl,338505,71086,419747,Nerococina
05/04/2025,1 - Factura A,87577,Horeca Srl.,8806,924,9730,Nerococina
07/04/2025,1 - Factura A,63729,Supermercados Mayoristas Makro Sa,33900,7119,44070,Nerococina
08/04/2025,1 - Factura A,38449,Gr8 Trading S.R.L.,131897,27698,159596,Nerococina
08/04/2025,1 - Factura A,549819,Distribuidora El Criollo Srl,128321,26107,158277,Nerococina
08/04/2025,11 - Factura C,444,Fleisman Nicolas Uriel,0,0,154180,Nerococina
08/04/2025,11 - Factura C,58,Rivero Lucia Beatriz,0,0,573200,Nerococina
09/04/2025,1 - Factura A,23259,Puro Norte Sa,17305,3634,20939,Nerococina
09/04/2025,1 - Factura A,457,Arta De Gonzalez S.R.L.,111417,11698,123115,Nerococina
09/04/2025,1 - Factura A,233,Diaz Mayer Mariano Benjamin,247100,25945,273045,Nerococina
09/04/2025,1 - Factura A,234,Diaz Mayer Mariano Benjamin,396620,41645,438265,Nerococina
09/04/2025,1 - Factura A,236,Diaz Mayer Mariano Benjamin,431820,45341,477161,Nerococina
11/04/2025,1 - Factura A,26646,Supermercados Mayoristas Makro Sa,23705,4978,30816,Nerococina
14/04/2025,1 - Factura A,26787,Supermercados Mayoristas Makro Sa,15570,3269,20241,Nerococina
16/04/2025,1 - Factura A,23465,Puro Norte Sa,36487,6772,43260,Nerococina
16/04/2025,11 - Factura C,2219,Lanari Lege Pedro Ignacio,0,0,210280,Nerococina
17/04/2025,1 - Factura A,859,Arta De Gonzalez S.R.L.,200131,21013,221145,Nerococina
21/04/2025,1 - Factura A,23568,Puro Norte Sa,49981,10496,60478,Nerococina
22/04/2025,1 - Factura A,152900,Getnet Argentina S. A. U.,28000,5880,33880,Nerococina
22/04/2025,1 - Factura A,242,Diaz Mayer Mariano Benjamin,268610,28204,296814,Nerococina
24/04/2025,1 - Factura A,27029,Supermercados Mayoristas Makro Sa,266616,44043,332948,Nerococina
25/04/2025,1 - Factura A,23707,Puro Norte Sa,8311,872,9184,Nerococina
25/04/2025,1 - Factura A,1255,Arta De Gonzalez S.R.L.,80099,8410,88509,Nerococina
26/04/2025,1 - Factura A,141,Angel Y Oscar Deli  S. A.,24006,2893,26900,Nerococina
26/04/2025,1 - Factura A,382024,Amx Argentina Sociedad Anonima,12475,2659,15508,Nerococina
28/04/2025,1 - Factura A,50567,El Nuevo Emporio Sa,45036,9457,54494,Nerococina
28/04/2025,1 - Factura A,23745,Puro Norte Sa,17047,1789,18837,Nerococina
28/04/2025,1 - Factura A,23778,Puro Norte Sa,12727,2672,15400,Nerococina
28/04/2025,1 - Factura A,27128,Supermercados Mayoristas Makro Sa,46768,9821,60798,Nerococina
01/04/2025,1 - Factura A,6951560,Autopistas Del Sol S A,1271,266,1538,U-Bros
01/04/2025,1 - Factura A,8703,Soluciones Online Sa,46500,9765,56265,U-Bros
02/04/2025,11 - Factura C,174,Odriozola Nelson Matias,0,0,150000,U-Bros
03/04/2025,1 - Factura A,80,Blanc Nora Nebel,37107,7792,44900,U-Bros
03/04/2025,11 - Factura C,445,Ronconi Juan Ignacio,0,0,180000,U-Bros
04/04/2025,1 - Factura A,14311,Lalelu Srl,35536,7462,42999,U-Bros
06/04/2025,1 - Factura A,4481162,Mercadolibre S.R.L.,652642,137054,940284,U-Bros
06/04/2025,1 - Factura A,139646,Meli Log Srl,698488,146682,908035,U-Bros
15/04/2025,1 - Factura A,4283621,Autopistas De Buenos Aires (Aubasa) Sa S. A.,71825,15083,89063,U-Bros
22/04/2025,11 - Factura C,106,Chinchilla Ramos Guido Alexis,0,0,630000,Ulog
01/04/2025,1 - Factura A,1376,Molina Oscar,2284301,479703,2777711,Unapa
01/04/2025,3 - Nota de Crédito A,983,Molina Oscar,-2284301,-479703,-2777710,Unapa
02/04/2025,1 - Factura A,3129074,Interbanking Sa,112430,23610,136040,Unapa
04/04/2025,1 - Factura A,33449,Cooperativa De Productores Tabacaleros De Salta Ltda,1096907,230350,1327258,Unapa
10/04/2025,1 - Factura A,573,Sustentagro  S. R. L.,710985,149306,860291,Unapa
16/04/2025,1 - Factura A,8019,Claas Argentina S. A. U.,205865,43234,249099,Unapa
16/04/2025,1 - Factura A,16444,Asociacion Mutual De Productores Tabacaleros De Salta,142643,29955,172598,Unapa
16/04/2025,1 - Factura A,33556,Cooperativa De Productores Tabacaleros De Salta Ltda,1273050,267340,1540390,Unapa
18/04/2025,1 - Factura A,38161,Sucesores De Roberto Saman Sociedad De Responsabilidad Limitada,61835,12985,80002,Unapa
21/04/2025,1 - Factura A,7162,Agro Lajitas S.A.,1543600,324156,1867756,Unapa
21/04/2025,1 - Factura A,33574,Cooperativa De Productores Tabacaleros De Salta Ltda,1138500,239085,1377585,Unapa
21/04/2025,3 - Nota de Crédito A,3240,Cooperativa De Productores Tabacaleros De Salta Ltda,-1273050,-267340,-1540390,Unapa
22/04/2025,1 - Factura A,38282,Sucesores De Roberto Saman Sociedad De Responsabilidad Limitada,7729,1623,9999,Unapa
22/04/2025,1 - Factura A,38283,Sucesores De Roberto Saman Sociedad De Responsabilidad Limitada,7729,1623,9999,Unapa
01/04/2025,1 - Factura A,15486,Nubicom  S.R.L.,73187,19760,92948,Viñas En Flor
01/04/2025,1 - Factura A,8084,Mijormi Sociedad De Responsabilidad Limitada,47099,9890,56990,Viñas En Flor
01/04/2025,1 - Factura A,115,Sabio Moreno Y Parodi  S.R.L.,205506,43156,256060,Viñas En Flor
01/04/2025,1 - Factura A,4752,Molino Cerrillos Sociedad De Responabilidad Limitada,35730,7503,43876,Viñas En Flor
01/04/2025,1 - Factura A,420568,Soluciones Online Sa,149400,31374,180774,Viñas En Flor
01/04/2025,1 - Factura A,434781,Correo Andreani Sa,31095,6530,37625,Viñas En Flor
01/04/2025,1 - Factura A,2475,Canatella Marcelo Pablo,536700,112707,649407,Viñas En Flor
01/04/2025,1 - Factura A,1473,Mounier Jose Luis,850000,178500,1028500,Viñas En Flor
01/04/2025,11 - Factura C,83,Maresca Daniela Anahi,0,0,420000,Viñas En Flor
01/04/2025,11 - Factura C,724,Mamani Perez Victor Hugo,0,0,414377,Viñas En Flor
02/04/2025,1 - Factura A,14199,Expreso Moraga S.A.,433695,91075,524771,Viñas En Flor
02/04/2025,1 - Factura A,3179,Pascuzzo Vanina,85123,17876,103000,Viñas En Flor
03/04/2025,1 - Factura A,2799,Oxigeno Salta S.R.L.,665430,139740,829125,Viñas En Flor
04/04/2025,1 - Factura A,8031,Distribuidora Vidt Srl,135314,26072,163822,Viñas En Flor
04/04/2025,1 - Factura A,913,Capital Brands S.R.L.,33057,6942,40000,Viñas En Flor
05/04/2025,1 - Factura A,2907103,Lakaut S.A.,19350,4063,23413,Viñas En Flor
05/04/2025,1 - Factura A,959,Burgos Alfonso Ariel,273966,57533,331500,Viñas En Flor
06/04/2025,1 - Factura A,72911,Comandarina S.R.L. S. R. L.,276248,58012,334260,Viñas En Flor
06/04/2025,1 - Factura A,72928,Comandarina S.R.L. S. R. L.,162000,34020,196020,Viñas En Flor
07/04/2025,1 - Factura A,125926,Odinroxs Profesional S.R.L.,11301,2373,13674,Viñas En Flor
07/04/2025,1 - Factura A,365,Telasnet S.R.L.,120506,25306,145812,Viñas En Flor
07/04/2025,1 - Factura A,2030,Sanchez Ariel Hernan,103636,21763,125400,Viñas En Flor
07/04/2025,1 - Factura A,169,Sabio Moreno Y Parodi  S.R.L.,157147,33000,195805,Viñas En Flor
07/04/2025,1 - Factura A,2069421,Transportes La Sevillanita Srl,111775,23472,135248,Viñas En Flor
07/04/2025,1 - Factura A,54656,Transportes La Sevillanita Srl,98080,20596,118677,Viñas En Flor
07/04/2025,1 - Factura A,197,Roman Raul Arturo,405000,85050,490050,Viñas En Flor
07/04/2025,3 - Nota de Crédito A,10,Sabio Moreno Y Parodi  S.R.L.,-157147,-33000,-195805,Viñas En Flor
07/04/2025,11 - Factura C,177,Cancino Jorge Federico,0,0,237760,Viñas En Flor
07/04/2025,11 - Factura C,100,Vega Jonathan Daniel,0,0,1300000,Viñas En Flor
08/04/2025,1 - Factura A,16083,Cristal San Martin S.R.L,367992,77278,445270,Viñas En Flor
08/04/2025,1 - Factura A,1663,Cafayate Clean Sociedad Simple S. Cap I Secc Iv,62372,13098,75470,Viñas En Flor
08/04/2025,1 - Factura A,11123,A & C,66344,13932,80277,Viñas En Flor
08/04/2025,1 - Factura A,8631,Insuplagas Fumigaciones S.R.L.,173479,36430,209910,Viñas En Flor
08/04/2025,1 - Factura A,11119,A & C,458987,96387,555374,Viñas En Flor
08/04/2025,1 - Factura A,8632,Insuplagas Fumigaciones S.R.L.,36049,7570,43620,Viñas En Flor
08/04/2025,1 - Factura A,476219,Payway Sau,4497,944,5442,Viñas En Flor
08/04/2025,1 - Factura A,2122,Merino Carlos Miguel,43440,4561,48001,Viñas En Flor
08/04/2025,3 - Nota de Crédito A,830,A & C,-66012,-13862,-79875,Viñas En Flor
09/04/2025,1 - Factura A,32642,Zacarias Pejinakis E Hijos Srl,117125,24596,157652,Viñas En Flor
09/04/2025,1 - Factura A,1510,Salvado Eduardo Antonio Roberto,3305,694,4000,Viñas En Flor
09/04/2025,1 - Factura A,508,Fideicomiso De Administracion E Inversion Inmobiliario Derqui 59,128193,26920,155114,Viñas En Flor
09/04/2025,1 - Factura A,40514,Durox Enologia Srl,598,125,730,Viñas En Flor
09/04/2025,1 - Factura A,5384,Durox Enologia Srl,320,67,390,Viñas En Flor
09/04/2025,1 - Factura A,185,Fresia Aldana Soledad,7179,1507,8687,Viñas En Flor
09/04/2025,1 - Factura A,40515,Durox Enologia Srl,2617248,549622,3193042,Viñas En Flor
09/04/2025,1 - Factura A,4836,Chien Sa,18595,3904,22500,Viñas En Flor
09/04/2025,1 - Factura A,70403,A E B Argentina Sa,898720,188731,1087451,Viñas En Flor
09/04/2025,1 - Factura A,2911764,Lakaut S.A.,19350,4063,23413,Viñas En Flor
09/04/2025,1 - Factura A,2070858,Transportes La Sevillanita Srl,72551,15235,87787,Viñas En Flor
09/04/2025,11 - Factura C,21763,Asociacion Argentina De Codificacion  De Productos Comerciales -Codigo-,0,0,530710,Viñas En Flor
09/04/2025,11 - Factura C,440,Marino Gabriela Ines,0,0,110450,Viñas En Flor
10/04/2025,1 - Factura A,76077,Frigorifico Bermejo S.A.,532530,55915,588445,Viñas En Flor
10/04/2025,1 - Factura A,583867,Multimodal Sacia,21910,0,22348,Viñas En Flor
10/04/2025,1 - Factura A,26,Distribuidora Vidt Srl,156434,31393,190643,Viñas En Flor
12/04/2025,1 - Factura A,202,Sabio Moreno Y Parodi  S.R.L.,277750,58327,346076,Viñas En Flor
14/04/2025,1 - Factura A,5674,Puka-Yana S.A.,84129,17667,112999,Viñas En Flor
14/04/2025,1 - Factura A,2208,Sanchez Ariel Hernan,103636,21763,125400,Viñas En Flor
14/04/2025,1 - Factura A,2214,Sanchez Ariel Hernan,103636,21763,125400,Viñas En Flor
14/04/2025,1 - Factura A,232128,Mercadolibre S.R.L.,1805545,379164,2238876,Viñas En Flor
14/04/2025,11 - Factura C,4,Espinillo Cifuentes Angel Alejandro,0,0,1905000,Viñas En Flor
14/04/2025,11 - Factura C,297,Gongora Sierra Gabriel Ramiro,0,0,336450,Viñas En Flor
15/04/2025,1 - Factura A,15959,Fertel S A,107478,22570,132951,Viñas En Flor
15/04/2025,1 - Factura A,15749,Itin S.A.,94876,19923,114800,Viñas En Flor
15/04/2025,1 - Factura A,14274,Expreso Moraga S.A.,88501,18585,107086,Viñas En Flor
15/04/2025,1 - Factura A,4847,Molino Cerrillos Sociedad De Responabilidad Limitada,175740,36905,215809,Viñas En Flor
15/04/2025,1 - Factura A,117315,Arcnoa Sas,114988,24147,146725,Viñas En Flor
15/04/2025,1 - Factura A,42,Distribuidora Vidt Srl,174213,34592,211942,Viñas En Flor
15/04/2025,11 - Factura C,19,Guaymas Hugo Rafael,0,0,2000000,Viñas En Flor
15/04/2025,11 - Factura C,20,Guaymas Hugo Rafael,0,0,2000000,Viñas En Flor
16/04/2025,1 - Factura A,32940,Zacarias Pejinakis E Hijos Srl,146406,30745,197065,Viñas En Flor
16/04/2025,1 - Factura A,10617,Amarilla Gas Sociedad Anonima,542952,57009,599961,Viñas En Flor
16/04/2025,1 - Factura A,4855,Molino Cerrillos Sociedad De Responabilidad Limitada,37195,7810,45675,Viñas En Flor
16/04/2025,1 - Factura A,76258,Frigorifico Bermejo S.A.,2048416,215083,2263500,Viñas En Flor
16/04/2025,1 - Factura A,1673,Cafayate Clean Sociedad Simple S. Cap I Secc Iv,32354,6794,39149,Viñas En Flor
16/04/2025,1 - Factura A,1671,Cafayate Clean Sociedad Simple S. Cap I Secc Iv,91634,19243,110878,Viñas En Flor
16/04/2025,1 - Factura A,781336,Dhl Express (Argentina) S.A.,89445,0,89445,Viñas En Flor
16/04/2025,11 - Factura C,386,Morano Franco Rafael,0,0,27400,Viñas En Flor
17/04/2025,1 - Factura A,33029,Zacarias Pejinakis E Hijos Srl,244010,51242,328443,Viñas En Flor
17/04/2025,1 - Factura A,1994,Peroya S.R.L.,11293,2371,13665,Viñas En Flor
17/04/2025,1 - Factura A,436800,Correo Andreani Sa,22299,4682,26982,Viñas En Flor
17/04/2025,1 - Factura A,9114,Mansilla Juan,369821,77662,447484,Viñas En Flor
17/04/2025,1 - Factura A,44,Distribuidora Vidt Srl,48734,10234,59846,Viñas En Flor
17/04/2025,1 - Factura A,50,Distribuidora Vidt Srl,135357,26432,164226,Viñas En Flor
17/04/2025,1 - Factura A,966,Burgos Alfonso Ariel,337190,70809,408000,Viñas En Flor
17/04/2025,11 - Factura C,449,Marino Gabriela Ines,0,0,132350,Viñas En Flor
17/04/2025,11 - Factura C,235,Sanchez Raul Guillermo,0,0,167000,Viñas En Flor
19/04/2025,1 - Factura A,53,Distribuidora Vidt Srl,109485,22991,134448,Viñas En Flor
21/04/2025,1 - Factura A,1679,Cafayate Clean Sociedad Simple S. Cap I Secc Iv,42653,8957,51610,Viñas En Flor
21/04/2025,1 - Factura A,782540,Dhl Express (Argentina) S.A.,273330,0,273330,Viñas En Flor
22/04/2025,1 - Factura A,2496,Soda Monica Srl,37190,7809,45669,Viñas En Flor
22/04/2025,1 - Factura A,2529,Soda Monica Srl,75371,15828,92556,Viñas En Flor
22/04/2025,1 - Factura A,67112,Daniel A Chozas S A C I F,389319,81757,471076,Viñas En Flor
22/04/2025,1 - Factura A,337,Desinformados S. A. S.,199000,41790,240790,Viñas En Flor
23/04/2025,1 - Factura A,40792,Industria Y Medicina Sa,178864,37564,216428,Viñas En Flor
23/04/2025,1 - Factura A,40793,Industria Y Medicina Sa,40320,8467,48787,Viñas En Flor
24/04/2025,1 - Factura A,11307,A & C,121705,25558,147264,Viñas En Flor
24/04/2025,1 - Factura A,8086,Lambois Alejandro Pablo,530578,111421,641999,Viñas En Flor
25/04/2025,1 - Factura A,9145,Mansilla Juan,101603,21336,122940,Viñas En Flor
25/04/2025,1 - Factura A,1536,Salvado Eduardo Antonio Roberto,31405,6595,38000,Viñas En Flor
25/04/2025,11 - Factura C,1,Urtubey Facundo,0,0,2500000,Viñas En Flor
